{
    "timestamp": "2026-06-10T15:25:06+02:00",
    "flightData": {
        "img": "EK",
        "flight_no": "600",
        "airline": "Emirates",
        "class": "economy",
        "baggage": "25  Kg ",
        "cabin_baggage": "7 kg",
        "departure_airport": "Dubai International Airport",
        "departure_time": "07:40 am",
        "departure_date": "26-06-2026",
        "departure_code": "DXB",
        "arrival_airport": "Alama Iqbal International Airport",
        "arrival_date": "26-06-2026",
        "arrival_time": "03:45 pm",
        "arrival_code": "LHE",
        "duration_time": "02:05",
        "total_duration": "07:05",
        "currency": "USD",
        "actual_price": "220.00",
        "price": "226.60",
        "adult_price": "226.60",
        "child_price": "0.00",
        "infant_price": "0.00",
        "actual_adult_price": "220.00",
        "actual_child_price": "0.00",
        "actual_infant_price": "0.00",
        "options": "packages data in array",
        "booking_data": {
            "flight": {
                "price": 220,
                "tax": 91.1700000000000017053025658242404460906982421875,
                "refundable_info": "NON-REFUNDABLE",
                "fare_key": null,
                "fare_brand": null,
                "price_breakdowns": {
                    "ADT": {
                        "total": 220,
                        "price": 128.82999999999998408384271897375583648681640625,
                        "label": "Adult",
                        "tax": 91.1700000000000017053025658242404460906982421875
                    }
                },
                "search_id": "OneWay|23|DXB|2026-06-26|EK|600|2026-06-26|KHI_KHI|2026-06-26|PK|304|2026-06-26|LHE",
                "trip_id": "DXB|2026-06-26|EK|07:40|10:45|2026-06-26|KHI|25 kg_KHI|2026-06-26|PK|14:00|15:45|2026-06-26|LHE|25 kg_LLEOPAE1:LLEOPAE1",
                "can_hold": true,
                "instant_issue": true,
                "from_cache": false,
                "src": "NT",
                "total_pax_no_inf": 1,
                "search_query": "{\"trips\":[{\"from\":\"DXB\",\"to\":\"LHE\",\"date\":\"2026\/06\/26\"}],\"adt\":1,\"chd\":0,\"inf\":0,\"options\":{\"direct\":false,\"cabin\":\"1\",\"multiCity\":false,\"cur\":\"USD\",\"lang\":\"en\",\"office\":\"PHPTRAVELS-TEST\",\"airline\":\"\"}}",
                "cache_time": 1781105664510,
                "search_time": 1781105660564,
                "result_time": 1781105664510,
                "can_void": false,
                "can_refund": false,
                "can_exchange": false,
                "legs": [
                    {
                        "duration": 425,
                        "bags": {
                            "unit": "kg",
                            "value": 25,
                            "ADT": {
                                "cabin": {
                                    "desc": "7 kg"
                                },
                                "checked": {
                                    "desc": "25  Kg"
                                }
                            },
                            "CHD": {
                                "cabin": {
                                    "desc": "7 kg"
                                },
                                "checked": {
                                    "desc": "1 pc x 25KG"
                                }
                            },
                            "INF": {
                                "cabin": {
                                    "desc": "7 kg"
                                },
                                "checked": {
                                    "desc": "10 KG"
                                }
                            }
                        },
                        "segments": [
                            {
                                "cabin": "Y",
                                "cabin_name": "Economy",
                                "farebase": "LLEOPAE1",
                                "seats": 9,
                                "class": "L",
                                "from": {
                                    "date": "2026\/06\/26 07:40",
                                    "airport": "DXB",
                                    "city": "Dubai",
                                    "country": "United Arab Emirates",
                                    "country_iso": "AE",
                                    "terminal": "3",
                                    "airport_name": "Dubai International Airport"
                                },
                                "to": {
                                    "date": "2026\/06\/26 10:45",
                                    "airport": "KHI",
                                    "city": "Karachi",
                                    "country": "Pakistan",
                                    "country_iso": "PK",
                                    "terminal": " ",
                                    "airport_name": "Jinnah International Airport"
                                },
                                "equipment": "77W",
                                "equipment_name": "77W",
                                "flightnumber": "600",
                                "operating": "",
                                "iata": "EK",
                                "airline_name": "Emirates",
                                "duration": 125
                            },
                            {
                                "cabin": "Y",
                                "cabin_name": "Economy",
                                "farebase": "LLEOPAE1",
                                "seats": 9,
                                "class": "I",
                                "from": {
                                    "date": "2026\/06\/26 14:00",
                                    "airport": "KHI",
                                    "city": "Karachi",
                                    "country": "Pakistan",
                                    "country_iso": "PK",
                                    "terminal": " ",
                                    "airport_name": "Jinnah International Airport"
                                },
                                "to": {
                                    "date": "2026\/06\/26 15:45",
                                    "airport": "LHE",
                                    "city": "Lahore",
                                    "country": "Pakistan",
                                    "country_iso": "PK",
                                    "terminal": " ",
                                    "airport_name": "Alama Iqbal International Airport"
                                },
                                "equipment": "320",
                                "equipment_name": "320",
                                "flightnumber": "304",
                                "operating": "",
                                "iata": "PK",
                                "airline_name": "Pakistan International Airlines",
                                "duration": 105
                            }
                        ],
                        "from": {
                            "date": "2026\/06\/26 07:40",
                            "airport": "DXB",
                            "city": "Dubai",
                            "country": "United Arab Emirates",
                            "country_iso": "AE",
                            "terminal": "3",
                            "airport_name": "Dubai International Airport"
                        },
                        "to": {
                            "date": "2026\/06\/26 15:45",
                            "airport": "LHE",
                            "city": "Lahore",
                            "country": "Pakistan",
                            "country_iso": "PK",
                            "terminal": " ",
                            "airport_name": "Alama Iqbal International Airport"
                        },
                        "cabin": "Y",
                        "seats": 9,
                        "iata": [
                            "EK",
                            "PK"
                        ],
                        "stops": [
                            "KHI"
                        ],
                        "stop_over": [
                            195
                        ],
                        "cabin_name": "Economy"
                    }
                ],
                "id": "2561202d1a99a08add5201c51d9cbb90",
                "currency": "USD"
            },
            "currency": "USD",
            "amount": 226.599999999999994315658113919198513031005859375,
            "actual_amount": 220
        },
        "redirect_url": "",
        "refundable": 0,
        "supplier": "seeru",
        "type": "oneway",
        "layover": {
            "city": "KHI",
            "duration": "3 h 5 m"
        },
        "stops": 1,
        "segments": [
            {
                "img": "EK",
                "flight_no": "600",
                "airline": "Emirates",
                "class": "economy",
                "baggage": "25  Kg ",
                "cabin_baggage": "7 kg",
                "departure_airport": "Dubai International Airport",
                "departure_time": "07:40 am",
                "departure_date": "26-06-2026",
                "departure_code": "DXB",
                "arrival_airport": "Jinnah International Airport",
                "arrival_date": "26-06-2026",
                "arrival_time": "10:45 am",
                "arrival_code": "KHI",
                "duration_time": "02:05",
                "total_duration": "07:05",
                "currency": "USD",
                "actual_price": "220.00",
                "price": "226.60",
                "adult_price": "226.60",
                "child_price": "0.00",
                "infant_price": "0.00",
                "actual_adult_price": "220.00",
                "actual_child_price": "0.00",
                "actual_infant_price": "0.00",
                "options": "packages data in array",
                "booking_data": {
                    "flight": {
                        "price": 220,
                        "tax": 91.1700000000000017053025658242404460906982421875,
                        "refundable_info": "NON-REFUNDABLE",
                        "fare_key": null,
                        "fare_brand": null,
                        "price_breakdowns": {
                            "ADT": {
                                "total": 220,
                                "price": 128.82999999999998408384271897375583648681640625,
                                "label": "Adult",
                                "tax": 91.1700000000000017053025658242404460906982421875
                            }
                        },
                        "search_id": "OneWay|23|DXB|2026-06-26|EK|600|2026-06-26|KHI_KHI|2026-06-26|PK|304|2026-06-26|LHE",
                        "trip_id": "DXB|2026-06-26|EK|07:40|10:45|2026-06-26|KHI|25 kg_KHI|2026-06-26|PK|14:00|15:45|2026-06-26|LHE|25 kg_LLEOPAE1:LLEOPAE1",
                        "can_hold": true,
                        "instant_issue": true,
                        "from_cache": false,
                        "src": "NT",
                        "total_pax_no_inf": 1,
                        "search_query": "{\"trips\":[{\"from\":\"DXB\",\"to\":\"LHE\",\"date\":\"2026\/06\/26\"}],\"adt\":1,\"chd\":0,\"inf\":0,\"options\":{\"direct\":false,\"cabin\":\"1\",\"multiCity\":false,\"cur\":\"USD\",\"lang\":\"en\",\"office\":\"PHPTRAVELS-TEST\",\"airline\":\"\"}}",
                        "cache_time": 1781105664510,
                        "search_time": 1781105660564,
                        "result_time": 1781105664510,
                        "can_void": false,
                        "can_refund": false,
                        "can_exchange": false,
                        "legs": [
                            {
                                "duration": 425,
                                "bags": {
                                    "unit": "kg",
                                    "value": 25,
                                    "ADT": {
                                        "cabin": {
                                            "desc": "7 kg"
                                        },
                                        "checked": {
                                            "desc": "25  Kg"
                                        }
                                    },
                                    "CHD": {
                                        "cabin": {
                                            "desc": "7 kg"
                                        },
                                        "checked": {
                                            "desc": "1 pc x 25KG"
                                        }
                                    },
                                    "INF": {
                                        "cabin": {
                                            "desc": "7 kg"
                                        },
                                        "checked": {
                                            "desc": "10 KG"
                                        }
                                    }
                                },
                                "segments": [
                                    {
                                        "cabin": "Y",
                                        "cabin_name": "Economy",
                                        "farebase": "LLEOPAE1",
                                        "seats": 9,
                                        "class": "L",
                                        "from": {
                                            "date": "2026\/06\/26 07:40",
                                            "airport": "DXB",
                                            "city": "Dubai",
                                            "country": "United Arab Emirates",
                                            "country_iso": "AE",
                                            "terminal": "3",
                                            "airport_name": "Dubai International Airport"
                                        },
                                        "to": {
                                            "date": "2026\/06\/26 10:45",
                                            "airport": "KHI",
                                            "city": "Karachi",
                                            "country": "Pakistan",
                                            "country_iso": "PK",
                                            "terminal": " ",
                                            "airport_name": "Jinnah International Airport"
                                        },
                                        "equipment": "77W",
                                        "equipment_name": "77W",
                                        "flightnumber": "600",
                                        "operating": "",
                                        "iata": "EK",
                                        "airline_name": "Emirates",
                                        "duration": 125
                                    },
                                    {
                                        "cabin": "Y",
                                        "cabin_name": "Economy",
                                        "farebase": "LLEOPAE1",
                                        "seats": 9,
                                        "class": "I",
                                        "from": {
                                            "date": "2026\/06\/26 14:00",
                                            "airport": "KHI",
                                            "city": "Karachi",
                                            "country": "Pakistan",
                                            "country_iso": "PK",
                                            "terminal": " ",
                                            "airport_name": "Jinnah International Airport"
                                        },
                                        "to": {
                                            "date": "2026\/06\/26 15:45",
                                            "airport": "LHE",
                                            "city": "Lahore",
                                            "country": "Pakistan",
                                            "country_iso": "PK",
                                            "terminal": " ",
                                            "airport_name": "Alama Iqbal International Airport"
                                        },
                                        "equipment": "320",
                                        "equipment_name": "320",
                                        "flightnumber": "304",
                                        "operating": "",
                                        "iata": "PK",
                                        "airline_name": "Pakistan International Airlines",
                                        "duration": 105
                                    }
                                ],
                                "from": {
                                    "date": "2026\/06\/26 07:40",
                                    "airport": "DXB",
                                    "city": "Dubai",
                                    "country": "United Arab Emirates",
                                    "country_iso": "AE",
                                    "terminal": "3",
                                    "airport_name": "Dubai International Airport"
                                },
                                "to": {
                                    "date": "2026\/06\/26 15:45",
                                    "airport": "LHE",
                                    "city": "Lahore",
                                    "country": "Pakistan",
                                    "country_iso": "PK",
                                    "terminal": " ",
                                    "airport_name": "Alama Iqbal International Airport"
                                },
                                "cabin": "Y",
                                "seats": 9,
                                "iata": [
                                    "EK",
                                    "PK"
                                ],
                                "stops": [
                                    "KHI"
                                ],
                                "stop_over": [
                                    195
                                ],
                                "cabin_name": "Economy"
                            }
                        ],
                        "id": "2561202d1a99a08add5201c51d9cbb90",
                        "currency": "USD"
                    },
                    "currency": "USD",
                    "amount": 226.599999999999994315658113919198513031005859375,
                    "actual_amount": 220
                },
                "redirect_url": "",
                "refundable": 0,
                "supplier": "seeru",
                "type": "oneway",
                "layover": {
                    "city": "KHI",
                    "duration": "3 h 5 m"
                }
            },
            {
                "img": "PK",
                "flight_no": "304",
                "airline": "AST Pakistan Airways",
                "class": "economy",
                "baggage": "25  Kg ",
                "cabin_baggage": "7 kg",
                "departure_airport": "Jinnah International Airport",
                "departure_time": "02:00 pm",
                "departure_date": "26-06-2026",
                "departure_code": "KHI",
                "arrival_airport": "Alama Iqbal International Airport",
                "arrival_date": "26-06-2026",
                "arrival_time": "03:45 pm",
                "arrival_code": "LHE",
                "duration_time": "01:45",
                "total_duration": "07:05",
                "currency": "USD",
                "actual_price": "220.00",
                "price": "226.60",
                "adult_price": "226.60",
                "child_price": "0.00",
                "infant_price": "0.00",
                "actual_adult_price": "220.00",
                "actual_child_price": "0.00",
                "actual_infant_price": "0.00",
                "options": "packages data in array",
                "booking_data": {
                    "flight": {
                        "price": 220,
                        "tax": 91.1700000000000017053025658242404460906982421875,
                        "refundable_info": "NON-REFUNDABLE",
                        "fare_key": null,
                        "fare_brand": null,
                        "price_breakdowns": {
                            "ADT": {
                                "total": 220,
                                "price": 128.82999999999998408384271897375583648681640625,
                                "label": "Adult",
                                "tax": 91.1700000000000017053025658242404460906982421875
                            }
                        },
                        "search_id": "OneWay|23|DXB|2026-06-26|EK|600|2026-06-26|KHI_KHI|2026-06-26|PK|304|2026-06-26|LHE",
                        "trip_id": "DXB|2026-06-26|EK|07:40|10:45|2026-06-26|KHI|25 kg_KHI|2026-06-26|PK|14:00|15:45|2026-06-26|LHE|25 kg_LLEOPAE1:LLEOPAE1",
                        "can_hold": true,
                        "instant_issue": true,
                        "from_cache": false,
                        "src": "NT",
                        "total_pax_no_inf": 1,
                        "search_query": "{\"trips\":[{\"from\":\"DXB\",\"to\":\"LHE\",\"date\":\"2026\/06\/26\"}],\"adt\":1,\"chd\":0,\"inf\":0,\"options\":{\"direct\":false,\"cabin\":\"1\",\"multiCity\":false,\"cur\":\"USD\",\"lang\":\"en\",\"office\":\"PHPTRAVELS-TEST\",\"airline\":\"\"}}",
                        "cache_time": 1781105664510,
                        "search_time": 1781105660564,
                        "result_time": 1781105664510,
                        "can_void": false,
                        "can_refund": false,
                        "can_exchange": false,
                        "legs": [
                            {
                                "duration": 425,
                                "bags": {
                                    "unit": "kg",
                                    "value": 25,
                                    "ADT": {
                                        "cabin": {
                                            "desc": "7 kg"
                                        },
                                        "checked": {
                                            "desc": "25  Kg"
                                        }
                                    },
                                    "CHD": {
                                        "cabin": {
                                            "desc": "7 kg"
                                        },
                                        "checked": {
                                            "desc": "1 pc x 25KG"
                                        }
                                    },
                                    "INF": {
                                        "cabin": {
                                            "desc": "7 kg"
                                        },
                                        "checked": {
                                            "desc": "10 KG"
                                        }
                                    }
                                },
                                "segments": [
                                    {
                                        "cabin": "Y",
                                        "cabin_name": "Economy",
                                        "farebase": "LLEOPAE1",
                                        "seats": 9,
                                        "class": "L",
                                        "from": {
                                            "date": "2026\/06\/26 07:40",
                                            "airport": "DXB",
                                            "city": "Dubai",
                                            "country": "United Arab Emirates",
                                            "country_iso": "AE",
                                            "terminal": "3",
                                            "airport_name": "Dubai International Airport"
                                        },
                                        "to": {
                                            "date": "2026\/06\/26 10:45",
                                            "airport": "KHI",
                                            "city": "Karachi",
                                            "country": "Pakistan",
                                            "country_iso": "PK",
                                            "terminal": " ",
                                            "airport_name": "Jinnah International Airport"
                                        },
                                        "equipment": "77W",
                                        "equipment_name": "77W",
                                        "flightnumber": "600",
                                        "operating": "",
                                        "iata": "EK",
                                        "airline_name": "Emirates",
                                        "duration": 125
                                    },
                                    {
                                        "cabin": "Y",
                                        "cabin_name": "Economy",
                                        "farebase": "LLEOPAE1",
                                        "seats": 9,
                                        "class": "I",
                                        "from": {
                                            "date": "2026\/06\/26 14:00",
                                            "airport": "KHI",
                                            "city": "Karachi",
                                            "country": "Pakistan",
                                            "country_iso": "PK",
                                            "terminal": " ",
                                            "airport_name": "Jinnah International Airport"
                                        },
                                        "to": {
                                            "date": "2026\/06\/26 15:45",
                                            "airport": "LHE",
                                            "city": "Lahore",
                                            "country": "Pakistan",
                                            "country_iso": "PK",
                                            "terminal": " ",
                                            "airport_name": "Alama Iqbal International Airport"
                                        },
                                        "equipment": "320",
                                        "equipment_name": "320",
                                        "flightnumber": "304",
                                        "operating": "",
                                        "iata": "PK",
                                        "airline_name": "Pakistan International Airlines",
                                        "duration": 105
                                    }
                                ],
                                "from": {
                                    "date": "2026\/06\/26 07:40",
                                    "airport": "DXB",
                                    "city": "Dubai",
                                    "country": "United Arab Emirates",
                                    "country_iso": "AE",
                                    "terminal": "3",
                                    "airport_name": "Dubai International Airport"
                                },
                                "to": {
                                    "date": "2026\/06\/26 15:45",
                                    "airport": "LHE",
                                    "city": "Lahore",
                                    "country": "Pakistan",
                                    "country_iso": "PK",
                                    "terminal": " ",
                                    "airport_name": "Alama Iqbal International Airport"
                                },
                                "cabin": "Y",
                                "seats": 9,
                                "iata": [
                                    "EK",
                                    "PK"
                                ],
                                "stops": [
                                    "KHI"
                                ],
                                "stop_over": [
                                    195
                                ],
                                "cabin_name": "Economy"
                            }
                        ],
                        "id": "2561202d1a99a08add5201c51d9cbb90",
                        "currency": "USD"
                    },
                    "currency": "USD",
                    "amount": 226.599999999999994315658113919198513031005859375,
                    "actual_amount": 220
                },
                "redirect_url": "",
                "refundable": 0,
                "supplier": "seeru",
                "type": "oneway",
                "layover": {
                    "city": "KHI",
                    "duration": "3 h 5 m"
                }
            }
        ],
        "returnSegments": [],
        "returnFlight": null,
        "isRoundTrip": false,
        "returnStops": 0,
        "returnDuration": "",
        "airlineName": "Emirates",
        "display_currency": "USD"
    }
}
{
    "timestamp": "2026-06-10T15:25:06+02:00",
    "revalidate_request": {
        "csrf_token": "8f4a06490db440217ac526b1849871cd1bd064c53144d6069a5e94c510a5e9de",
        "booking_hash": "1ff6dedde4a5684d",
        "old_price": "220",
        "currency": "USD"
    }
}
{
    "timestamp": "2026-06-10T15:26:11+02:00",
    "flightData": {
        "img": "EK",
        "flight_no": "600",
        "airline": "Emirates",
        "class": "economy",
        "baggage": "25  Kg ",
        "cabin_baggage": "7 kg",
        "departure_airport": "Dubai International Airport",
        "departure_time": "07:40 am",
        "departure_date": "26-06-2026",
        "departure_code": "DXB",
        "arrival_airport": "Alama Iqbal International Airport",
        "arrival_date": "26-06-2026",
        "arrival_time": "03:45 pm",
        "arrival_code": "LHE",
        "duration_time": "02:05",
        "total_duration": "07:05",
        "currency": "USD",
        "actual_price": "220.00",
        "price": "226.60",
        "adult_price": "226.60",
        "child_price": "0.00",
        "infant_price": "0.00",
        "actual_adult_price": "220.00",
        "actual_child_price": "0.00",
        "actual_infant_price": "0.00",
        "options": "packages data in array",
        "booking_data": {
            "flight": {
                "price": 220,
                "tax": 91.1700000000000017053025658242404460906982421875,
                "refundable_info": "NON-REFUNDABLE",
                "fare_key": null,
                "fare_brand": null,
                "price_breakdowns": {
                    "ADT": {
                        "total": 220,
                        "price": 128.82999999999998408384271897375583648681640625,
                        "label": "Adult",
                        "tax": 91.1700000000000017053025658242404460906982421875
                    }
                },
                "search_id": "OneWay|23|DXB|2026-06-26|EK|600|2026-06-26|KHI_KHI|2026-06-26|PK|304|2026-06-26|LHE",
                "trip_id": "DXB|2026-06-26|EK|07:40|10:45|2026-06-26|KHI|25 kg_KHI|2026-06-26|PK|14:00|15:45|2026-06-26|LHE|25 kg_LLEOPAE1:LLEOPAE1",
                "can_hold": true,
                "instant_issue": true,
                "from_cache": false,
                "src": "NT",
                "total_pax_no_inf": 1,
                "search_query": "{\"trips\":[{\"from\":\"DXB\",\"to\":\"LHE\",\"date\":\"2026\/06\/26\"}],\"adt\":1,\"chd\":0,\"inf\":0,\"options\":{\"direct\":false,\"cabin\":\"1\",\"multiCity\":false,\"cur\":\"USD\",\"lang\":\"en\",\"office\":\"PHPTRAVELS-TEST\",\"airline\":\"\"}}",
                "cache_time": 1781105664510,
                "search_time": 1781105660564,
                "result_time": 1781105664510,
                "can_void": false,
                "can_refund": false,
                "can_exchange": false,
                "legs": [
                    {
                        "duration": 425,
                        "bags": {
                            "unit": "kg",
                            "value": 25,
                            "ADT": {
                                "cabin": {
                                    "desc": "7 kg"
                                },
                                "checked": {
                                    "desc": "25  Kg"
                                }
                            },
                            "CHD": {
                                "cabin": {
                                    "desc": "7 kg"
                                },
                                "checked": {
                                    "desc": "1 pc x 25KG"
                                }
                            },
                            "INF": {
                                "cabin": {
                                    "desc": "7 kg"
                                },
                                "checked": {
                                    "desc": "10 KG"
                                }
                            }
                        },
                        "segments": [
                            {
                                "cabin": "Y",
                                "cabin_name": "Economy",
                                "farebase": "LLEOPAE1",
                                "seats": 9,
                                "class": "L",
                                "from": {
                                    "date": "2026\/06\/26 07:40",
                                    "airport": "DXB",
                                    "city": "Dubai",
                                    "country": "United Arab Emirates",
                                    "country_iso": "AE",
                                    "terminal": "3",
                                    "airport_name": "Dubai International Airport"
                                },
                                "to": {
                                    "date": "2026\/06\/26 10:45",
                                    "airport": "KHI",
                                    "city": "Karachi",
                                    "country": "Pakistan",
                                    "country_iso": "PK",
                                    "terminal": " ",
                                    "airport_name": "Jinnah International Airport"
                                },
                                "equipment": "77W",
                                "equipment_name": "77W",
                                "flightnumber": "600",
                                "operating": "",
                                "iata": "EK",
                                "airline_name": "Emirates",
                                "duration": 125
                            },
                            {
                                "cabin": "Y",
                                "cabin_name": "Economy",
                                "farebase": "LLEOPAE1",
                                "seats": 9,
                                "class": "I",
                                "from": {
                                    "date": "2026\/06\/26 14:00",
                                    "airport": "KHI",
                                    "city": "Karachi",
                                    "country": "Pakistan",
                                    "country_iso": "PK",
                                    "terminal": " ",
                                    "airport_name": "Jinnah International Airport"
                                },
                                "to": {
                                    "date": "2026\/06\/26 15:45",
                                    "airport": "LHE",
                                    "city": "Lahore",
                                    "country": "Pakistan",
                                    "country_iso": "PK",
                                    "terminal": " ",
                                    "airport_name": "Alama Iqbal International Airport"
                                },
                                "equipment": "320",
                                "equipment_name": "320",
                                "flightnumber": "304",
                                "operating": "",
                                "iata": "PK",
                                "airline_name": "Pakistan International Airlines",
                                "duration": 105
                            }
                        ],
                        "from": {
                            "date": "2026\/06\/26 07:40",
                            "airport": "DXB",
                            "city": "Dubai",
                            "country": "United Arab Emirates",
                            "country_iso": "AE",
                            "terminal": "3",
                            "airport_name": "Dubai International Airport"
                        },
                        "to": {
                            "date": "2026\/06\/26 15:45",
                            "airport": "LHE",
                            "city": "Lahore",
                            "country": "Pakistan",
                            "country_iso": "PK",
                            "terminal": " ",
                            "airport_name": "Alama Iqbal International Airport"
                        },
                        "cabin": "Y",
                        "seats": 9,
                        "iata": [
                            "EK",
                            "PK"
                        ],
                        "stops": [
                            "KHI"
                        ],
                        "stop_over": [
                            195
                        ],
                        "cabin_name": "Economy"
                    }
                ],
                "id": "2561202d1a99a08add5201c51d9cbb90",
                "currency": "USD"
            },
            "currency": "USD",
            "amount": 226.599999999999994315658113919198513031005859375,
            "actual_amount": 220
        },
        "redirect_url": "",
        "refundable": 0,
        "supplier": "seeru",
        "type": "oneway",
        "layover": {
            "city": "KHI",
            "duration": "3 h 5 m"
        },
        "stops": 1,
        "segments": [
            {
                "img": "EK",
                "flight_no": "600",
                "airline": "Emirates",
                "class": "economy",
                "baggage": "25  Kg ",
                "cabin_baggage": "7 kg",
                "departure_airport": "Dubai International Airport",
                "departure_time": "07:40 am",
                "departure_date": "26-06-2026",
                "departure_code": "DXB",
                "arrival_airport": "Jinnah International Airport",
                "arrival_date": "26-06-2026",
                "arrival_time": "10:45 am",
                "arrival_code": "KHI",
                "duration_time": "02:05",
                "total_duration": "07:05",
                "currency": "USD",
                "actual_price": "220.00",
                "price": "226.60",
                "adult_price": "226.60",
                "child_price": "0.00",
                "infant_price": "0.00",
                "actual_adult_price": "220.00",
                "actual_child_price": "0.00",
                "actual_infant_price": "0.00",
                "options": "packages data in array",
                "booking_data": {
                    "flight": {
                        "price": 220,
                        "tax": 91.1700000000000017053025658242404460906982421875,
                        "refundable_info": "NON-REFUNDABLE",
                        "fare_key": null,
                        "fare_brand": null,
                        "price_breakdowns": {
                            "ADT": {
                                "total": 220,
                                "price": 128.82999999999998408384271897375583648681640625,
                                "label": "Adult",
                                "tax": 91.1700000000000017053025658242404460906982421875
                            }
                        },
                        "search_id": "OneWay|23|DXB|2026-06-26|EK|600|2026-06-26|KHI_KHI|2026-06-26|PK|304|2026-06-26|LHE",
                        "trip_id": "DXB|2026-06-26|EK|07:40|10:45|2026-06-26|KHI|25 kg_KHI|2026-06-26|PK|14:00|15:45|2026-06-26|LHE|25 kg_LLEOPAE1:LLEOPAE1",
                        "can_hold": true,
                        "instant_issue": true,
                        "from_cache": false,
                        "src": "NT",
                        "total_pax_no_inf": 1,
                        "search_query": "{\"trips\":[{\"from\":\"DXB\",\"to\":\"LHE\",\"date\":\"2026\/06\/26\"}],\"adt\":1,\"chd\":0,\"inf\":0,\"options\":{\"direct\":false,\"cabin\":\"1\",\"multiCity\":false,\"cur\":\"USD\",\"lang\":\"en\",\"office\":\"PHPTRAVELS-TEST\",\"airline\":\"\"}}",
                        "cache_time": 1781105664510,
                        "search_time": 1781105660564,
                        "result_time": 1781105664510,
                        "can_void": false,
                        "can_refund": false,
                        "can_exchange": false,
                        "legs": [
                            {
                                "duration": 425,
                                "bags": {
                                    "unit": "kg",
                                    "value": 25,
                                    "ADT": {
                                        "cabin": {
                                            "desc": "7 kg"
                                        },
                                        "checked": {
                                            "desc": "25  Kg"
                                        }
                                    },
                                    "CHD": {
                                        "cabin": {
                                            "desc": "7 kg"
                                        },
                                        "checked": {
                                            "desc": "1 pc x 25KG"
                                        }
                                    },
                                    "INF": {
                                        "cabin": {
                                            "desc": "7 kg"
                                        },
                                        "checked": {
                                            "desc": "10 KG"
                                        }
                                    }
                                },
                                "segments": [
                                    {
                                        "cabin": "Y",
                                        "cabin_name": "Economy",
                                        "farebase": "LLEOPAE1",
                                        "seats": 9,
                                        "class": "L",
                                        "from": {
                                            "date": "2026\/06\/26 07:40",
                                            "airport": "DXB",
                                            "city": "Dubai",
                                            "country": "United Arab Emirates",
                                            "country_iso": "AE",
                                            "terminal": "3",
                                            "airport_name": "Dubai International Airport"
                                        },
                                        "to": {
                                            "date": "2026\/06\/26 10:45",
                                            "airport": "KHI",
                                            "city": "Karachi",
                                            "country": "Pakistan",
                                            "country_iso": "PK",
                                            "terminal": " ",
                                            "airport_name": "Jinnah International Airport"
                                        },
                                        "equipment": "77W",
                                        "equipment_name": "77W",
                                        "flightnumber": "600",
                                        "operating": "",
                                        "iata": "EK",
                                        "airline_name": "Emirates",
                                        "duration": 125
                                    },
                                    {
                                        "cabin": "Y",
                                        "cabin_name": "Economy",
                                        "farebase": "LLEOPAE1",
                                        "seats": 9,
                                        "class": "I",
                                        "from": {
                                            "date": "2026\/06\/26 14:00",
                                            "airport": "KHI",
                                            "city": "Karachi",
                                            "country": "Pakistan",
                                            "country_iso": "PK",
                                            "terminal": " ",
                                            "airport_name": "Jinnah International Airport"
                                        },
                                        "to": {
                                            "date": "2026\/06\/26 15:45",
                                            "airport": "LHE",
                                            "city": "Lahore",
                                            "country": "Pakistan",
                                            "country_iso": "PK",
                                            "terminal": " ",
                                            "airport_name": "Alama Iqbal International Airport"
                                        },
                                        "equipment": "320",
                                        "equipment_name": "320",
                                        "flightnumber": "304",
                                        "operating": "",
                                        "iata": "PK",
                                        "airline_name": "Pakistan International Airlines",
                                        "duration": 105
                                    }
                                ],
                                "from": {
                                    "date": "2026\/06\/26 07:40",
                                    "airport": "DXB",
                                    "city": "Dubai",
                                    "country": "United Arab Emirates",
                                    "country_iso": "AE",
                                    "terminal": "3",
                                    "airport_name": "Dubai International Airport"
                                },
                                "to": {
                                    "date": "2026\/06\/26 15:45",
                                    "airport": "LHE",
                                    "city": "Lahore",
                                    "country": "Pakistan",
                                    "country_iso": "PK",
                                    "terminal": " ",
                                    "airport_name": "Alama Iqbal International Airport"
                                },
                                "cabin": "Y",
                                "seats": 9,
                                "iata": [
                                    "EK",
                                    "PK"
                                ],
                                "stops": [
                                    "KHI"
                                ],
                                "stop_over": [
                                    195
                                ],
                                "cabin_name": "Economy"
                            }
                        ],
                        "id": "2561202d1a99a08add5201c51d9cbb90",
                        "currency": "USD"
                    },
                    "currency": "USD",
                    "amount": 226.599999999999994315658113919198513031005859375,
                    "actual_amount": 220
                },
                "redirect_url": "",
                "refundable": 0,
                "supplier": "seeru",
                "type": "oneway",
                "layover": {
                    "city": "KHI",
                    "duration": "3 h 5 m"
                }
            },
            {
                "img": "PK",
                "flight_no": "304",
                "airline": "AST Pakistan Airways",
                "class": "economy",
                "baggage": "25  Kg ",
                "cabin_baggage": "7 kg",
                "departure_airport": "Jinnah International Airport",
                "departure_time": "02:00 pm",
                "departure_date": "26-06-2026",
                "departure_code": "KHI",
                "arrival_airport": "Alama Iqbal International Airport",
                "arrival_date": "26-06-2026",
                "arrival_time": "03:45 pm",
                "arrival_code": "LHE",
                "duration_time": "01:45",
                "total_duration": "07:05",
                "currency": "USD",
                "actual_price": "220.00",
                "price": "226.60",
                "adult_price": "226.60",
                "child_price": "0.00",
                "infant_price": "0.00",
                "actual_adult_price": "220.00",
                "actual_child_price": "0.00",
                "actual_infant_price": "0.00",
                "options": "packages data in array",
                "booking_data": {
                    "flight": {
                        "price": 220,
                        "tax": 91.1700000000000017053025658242404460906982421875,
                        "refundable_info": "NON-REFUNDABLE",
                        "fare_key": null,
                        "fare_brand": null,
                        "price_breakdowns": {
                            "ADT": {
                                "total": 220,
                                "price": 128.82999999999998408384271897375583648681640625,
                                "label": "Adult",
                                "tax": 91.1700000000000017053025658242404460906982421875
                            }
                        },
                        "search_id": "OneWay|23|DXB|2026-06-26|EK|600|2026-06-26|KHI_KHI|2026-06-26|PK|304|2026-06-26|LHE",
                        "trip_id": "DXB|2026-06-26|EK|07:40|10:45|2026-06-26|KHI|25 kg_KHI|2026-06-26|PK|14:00|15:45|2026-06-26|LHE|25 kg_LLEOPAE1:LLEOPAE1",
                        "can_hold": true,
                        "instant_issue": true,
                        "from_cache": false,
                        "src": "NT",
                        "total_pax_no_inf": 1,
                        "search_query": "{\"trips\":[{\"from\":\"DXB\",\"to\":\"LHE\",\"date\":\"2026\/06\/26\"}],\"adt\":1,\"chd\":0,\"inf\":0,\"options\":{\"direct\":false,\"cabin\":\"1\",\"multiCity\":false,\"cur\":\"USD\",\"lang\":\"en\",\"office\":\"PHPTRAVELS-TEST\",\"airline\":\"\"}}",
                        "cache_time": 1781105664510,
                        "search_time": 1781105660564,
                        "result_time": 1781105664510,
                        "can_void": false,
                        "can_refund": false,
                        "can_exchange": false,
                        "legs": [
                            {
                                "duration": 425,
                                "bags": {
                                    "unit": "kg",
                                    "value": 25,
                                    "ADT": {
                                        "cabin": {
                                            "desc": "7 kg"
                                        },
                                        "checked": {
                                            "desc": "25  Kg"
                                        }
                                    },
                                    "CHD": {
                                        "cabin": {
                                            "desc": "7 kg"
                                        },
                                        "checked": {
                                            "desc": "1 pc x 25KG"
                                        }
                                    },
                                    "INF": {
                                        "cabin": {
                                            "desc": "7 kg"
                                        },
                                        "checked": {
                                            "desc": "10 KG"
                                        }
                                    }
                                },
                                "segments": [
                                    {
                                        "cabin": "Y",
                                        "cabin_name": "Economy",
                                        "farebase": "LLEOPAE1",
                                        "seats": 9,
                                        "class": "L",
                                        "from": {
                                            "date": "2026\/06\/26 07:40",
                                            "airport": "DXB",
                                            "city": "Dubai",
                                            "country": "United Arab Emirates",
                                            "country_iso": "AE",
                                            "terminal": "3",
                                            "airport_name": "Dubai International Airport"
                                        },
                                        "to": {
                                            "date": "2026\/06\/26 10:45",
                                            "airport": "KHI",
                                            "city": "Karachi",
                                            "country": "Pakistan",
                                            "country_iso": "PK",
                                            "terminal": " ",
                                            "airport_name": "Jinnah International Airport"
                                        },
                                        "equipment": "77W",
                                        "equipment_name": "77W",
                                        "flightnumber": "600",
                                        "operating": "",
                                        "iata": "EK",
                                        "airline_name": "Emirates",
                                        "duration": 125
                                    },
                                    {
                                        "cabin": "Y",
                                        "cabin_name": "Economy",
                                        "farebase": "LLEOPAE1",
                                        "seats": 9,
                                        "class": "I",
                                        "from": {
                                            "date": "2026\/06\/26 14:00",
                                            "airport": "KHI",
                                            "city": "Karachi",
                                            "country": "Pakistan",
                                            "country_iso": "PK",
                                            "terminal": " ",
                                            "airport_name": "Jinnah International Airport"
                                        },
                                        "to": {
                                            "date": "2026\/06\/26 15:45",
                                            "airport": "LHE",
                                            "city": "Lahore",
                                            "country": "Pakistan",
                                            "country_iso": "PK",
                                            "terminal": " ",
                                            "airport_name": "Alama Iqbal International Airport"
                                        },
                                        "equipment": "320",
                                        "equipment_name": "320",
                                        "flightnumber": "304",
                                        "operating": "",
                                        "iata": "PK",
                                        "airline_name": "Pakistan International Airlines",
                                        "duration": 105
                                    }
                                ],
                                "from": {
                                    "date": "2026\/06\/26 07:40",
                                    "airport": "DXB",
                                    "city": "Dubai",
                                    "country": "United Arab Emirates",
                                    "country_iso": "AE",
                                    "terminal": "3",
                                    "airport_name": "Dubai International Airport"
                                },
                                "to": {
                                    "date": "2026\/06\/26 15:45",
                                    "airport": "LHE",
                                    "city": "Lahore",
                                    "country": "Pakistan",
                                    "country_iso": "PK",
                                    "terminal": " ",
                                    "airport_name": "Alama Iqbal International Airport"
                                },
                                "cabin": "Y",
                                "seats": 9,
                                "iata": [
                                    "EK",
                                    "PK"
                                ],
                                "stops": [
                                    "KHI"
                                ],
                                "stop_over": [
                                    195
                                ],
                                "cabin_name": "Economy"
                            }
                        ],
                        "id": "2561202d1a99a08add5201c51d9cbb90",
                        "currency": "USD"
                    },
                    "currency": "USD",
                    "amount": 226.599999999999994315658113919198513031005859375,
                    "actual_amount": 220
                },
                "redirect_url": "",
                "refundable": 0,
                "supplier": "seeru",
                "type": "oneway",
                "layover": {
                    "city": "KHI",
                    "duration": "3 h 5 m"
                }
            }
        ],
        "returnSegments": [],
        "returnFlight": null,
        "isRoundTrip": false,
        "returnStops": 0,
        "returnDuration": "",
        "airlineName": "Emirates",
        "display_currency": "USD"
    }
}
{
    "timestamp": "2026-06-10T15:26:11+02:00",
    "revalidate_request": {
        "csrf_token": "8f4a06490db440217ac526b1849871cd1bd064c53144d6069a5e94c510a5e9de",
        "booking_hash": "2b399b5e4bed8e29",
        "old_price": "220",
        "currency": "USD"
    }
}
{
    "timestamp": "2026-06-10T15:26:27+02:00",
    "flightData": {
        "img": "EK",
        "flight_no": "600",
        "airline": "Emirates",
        "class": "economy",
        "baggage": "25  Kg ",
        "cabin_baggage": "7 kg",
        "departure_airport": "Dubai International Airport",
        "departure_time": "07:40 am",
        "departure_date": "26-06-2026",
        "departure_code": "DXB",
        "arrival_airport": "Alama Iqbal International Airport",
        "arrival_date": "26-06-2026",
        "arrival_time": "03:45 pm",
        "arrival_code": "LHE",
        "duration_time": "02:05",
        "total_duration": "07:05",
        "currency": "USD",
        "actual_price": "220.00",
        "price": "226.60",
        "adult_price": "226.60",
        "child_price": "0.00",
        "infant_price": "0.00",
        "actual_adult_price": "220.00",
        "actual_child_price": "0.00",
        "actual_infant_price": "0.00",
        "options": "packages data in array",
        "booking_data": {
            "flight": {
                "price": 220,
                "tax": 91.1700000000000017053025658242404460906982421875,
                "refundable_info": "NON-REFUNDABLE",
                "fare_key": null,
                "fare_brand": null,
                "price_breakdowns": {
                    "ADT": {
                        "total": 220,
                        "price": 128.82999999999998408384271897375583648681640625,
                        "label": "Adult",
                        "tax": 91.1700000000000017053025658242404460906982421875
                    }
                },
                "search_id": "OneWay|23|DXB|2026-06-26|EK|600|2026-06-26|KHI_KHI|2026-06-26|PK|304|2026-06-26|LHE",
                "trip_id": "DXB|2026-06-26|EK|07:40|10:45|2026-06-26|KHI|25 kg_KHI|2026-06-26|PK|14:00|15:45|2026-06-26|LHE|25 kg_LLEOPAE1:LLEOPAE1",
                "can_hold": true,
                "instant_issue": true,
                "from_cache": false,
                "src": "NT",
                "total_pax_no_inf": 1,
                "search_query": "{\"trips\":[{\"from\":\"DXB\",\"to\":\"LHE\",\"date\":\"2026\/06\/26\"}],\"adt\":1,\"chd\":0,\"inf\":0,\"options\":{\"direct\":false,\"cabin\":\"1\",\"multiCity\":false,\"cur\":\"USD\",\"lang\":\"en\",\"office\":\"PHPTRAVELS-TEST\",\"airline\":\"\"}}",
                "cache_time": 1781105664510,
                "search_time": 1781105660564,
                "result_time": 1781105664510,
                "can_void": false,
                "can_refund": false,
                "can_exchange": false,
                "legs": [
                    {
                        "duration": 425,
                        "bags": {
                            "unit": "kg",
                            "value": 25,
                            "ADT": {
                                "cabin": {
                                    "desc": "7 kg"
                                },
                                "checked": {
                                    "desc": "25  Kg"
                                }
                            },
                            "CHD": {
                                "cabin": {
                                    "desc": "7 kg"
                                },
                                "checked": {
                                    "desc": "1 pc x 25KG"
                                }
                            },
                            "INF": {
                                "cabin": {
                                    "desc": "7 kg"
                                },
                                "checked": {
                                    "desc": "10 KG"
                                }
                            }
                        },
                        "segments": [
                            {
                                "cabin": "Y",
                                "cabin_name": "Economy",
                                "farebase": "LLEOPAE1",
                                "seats": 9,
                                "class": "L",
                                "from": {
                                    "date": "2026\/06\/26 07:40",
                                    "airport": "DXB",
                                    "city": "Dubai",
                                    "country": "United Arab Emirates",
                                    "country_iso": "AE",
                                    "terminal": "3",
                                    "airport_name": "Dubai International Airport"
                                },
                                "to": {
                                    "date": "2026\/06\/26 10:45",
                                    "airport": "KHI",
                                    "city": "Karachi",
                                    "country": "Pakistan",
                                    "country_iso": "PK",
                                    "terminal": " ",
                                    "airport_name": "Jinnah International Airport"
                                },
                                "equipment": "77W",
                                "equipment_name": "77W",
                                "flightnumber": "600",
                                "operating": "",
                                "iata": "EK",
                                "airline_name": "Emirates",
                                "duration": 125
                            },
                            {
                                "cabin": "Y",
                                "cabin_name": "Economy",
                                "farebase": "LLEOPAE1",
                                "seats": 9,
                                "class": "I",
                                "from": {
                                    "date": "2026\/06\/26 14:00",
                                    "airport": "KHI",
                                    "city": "Karachi",
                                    "country": "Pakistan",
                                    "country_iso": "PK",
                                    "terminal": " ",
                                    "airport_name": "Jinnah International Airport"
                                },
                                "to": {
                                    "date": "2026\/06\/26 15:45",
                                    "airport": "LHE",
                                    "city": "Lahore",
                                    "country": "Pakistan",
                                    "country_iso": "PK",
                                    "terminal": " ",
                                    "airport_name": "Alama Iqbal International Airport"
                                },
                                "equipment": "320",
                                "equipment_name": "320",
                                "flightnumber": "304",
                                "operating": "",
                                "iata": "PK",
                                "airline_name": "Pakistan International Airlines",
                                "duration": 105
                            }
                        ],
                        "from": {
                            "date": "2026\/06\/26 07:40",
                            "airport": "DXB",
                            "city": "Dubai",
                            "country": "United Arab Emirates",
                            "country_iso": "AE",
                            "terminal": "3",
                            "airport_name": "Dubai International Airport"
                        },
                        "to": {
                            "date": "2026\/06\/26 15:45",
                            "airport": "LHE",
                            "city": "Lahore",
                            "country": "Pakistan",
                            "country_iso": "PK",
                            "terminal": " ",
                            "airport_name": "Alama Iqbal International Airport"
                        },
                        "cabin": "Y",
                        "seats": 9,
                        "iata": [
                            "EK",
                            "PK"
                        ],
                        "stops": [
                            "KHI"
                        ],
                        "stop_over": [
                            195
                        ],
                        "cabin_name": "Economy"
                    }
                ],
                "id": "2561202d1a99a08add5201c51d9cbb90",
                "currency": "USD"
            },
            "currency": "USD",
            "amount": 226.599999999999994315658113919198513031005859375,
            "actual_amount": 220
        },
        "redirect_url": "",
        "refundable": 0,
        "supplier": "seeru",
        "type": "oneway",
        "layover": {
            "city": "KHI",
            "duration": "3 h 5 m"
        },
        "stops": 1,
        "segments": [
            {
                "img": "EK",
                "flight_no": "600",
                "airline": "Emirates",
                "class": "economy",
                "baggage": "25  Kg ",
                "cabin_baggage": "7 kg",
                "departure_airport": "Dubai International Airport",
                "departure_time": "07:40 am",
                "departure_date": "26-06-2026",
                "departure_code": "DXB",
                "arrival_airport": "Jinnah International Airport",
                "arrival_date": "26-06-2026",
                "arrival_time": "10:45 am",
                "arrival_code": "KHI",
                "duration_time": "02:05",
                "total_duration": "07:05",
                "currency": "USD",
                "actual_price": "220.00",
                "price": "226.60",
                "adult_price": "226.60",
                "child_price": "0.00",
                "infant_price": "0.00",
                "actual_adult_price": "220.00",
                "actual_child_price": "0.00",
                "actual_infant_price": "0.00",
                "options": "packages data in array",
                "booking_data": {
                    "flight": {
                        "price": 220,
                        "tax": 91.1700000000000017053025658242404460906982421875,
                        "refundable_info": "NON-REFUNDABLE",
                        "fare_key": null,
                        "fare_brand": null,
                        "price_breakdowns": {
                            "ADT": {
                                "total": 220,
                                "price": 128.82999999999998408384271897375583648681640625,
                                "label": "Adult",
                                "tax": 91.1700000000000017053025658242404460906982421875
                            }
                        },
                        "search_id": "OneWay|23|DXB|2026-06-26|EK|600|2026-06-26|KHI_KHI|2026-06-26|PK|304|2026-06-26|LHE",
                        "trip_id": "DXB|2026-06-26|EK|07:40|10:45|2026-06-26|KHI|25 kg_KHI|2026-06-26|PK|14:00|15:45|2026-06-26|LHE|25 kg_LLEOPAE1:LLEOPAE1",
                        "can_hold": true,
                        "instant_issue": true,
                        "from_cache": false,
                        "src": "NT",
                        "total_pax_no_inf": 1,
                        "search_query": "{\"trips\":[{\"from\":\"DXB\",\"to\":\"LHE\",\"date\":\"2026\/06\/26\"}],\"adt\":1,\"chd\":0,\"inf\":0,\"options\":{\"direct\":false,\"cabin\":\"1\",\"multiCity\":false,\"cur\":\"USD\",\"lang\":\"en\",\"office\":\"PHPTRAVELS-TEST\",\"airline\":\"\"}}",
                        "cache_time": 1781105664510,
                        "search_time": 1781105660564,
                        "result_time": 1781105664510,
                        "can_void": false,
                        "can_refund": false,
                        "can_exchange": false,
                        "legs": [
                            {
                                "duration": 425,
                                "bags": {
                                    "unit": "kg",
                                    "value": 25,
                                    "ADT": {
                                        "cabin": {
                                            "desc": "7 kg"
                                        },
                                        "checked": {
                                            "desc": "25  Kg"
                                        }
                                    },
                                    "CHD": {
                                        "cabin": {
                                            "desc": "7 kg"
                                        },
                                        "checked": {
                                            "desc": "1 pc x 25KG"
                                        }
                                    },
                                    "INF": {
                                        "cabin": {
                                            "desc": "7 kg"
                                        },
                                        "checked": {
                                            "desc": "10 KG"
                                        }
                                    }
                                },
                                "segments": [
                                    {
                                        "cabin": "Y",
                                        "cabin_name": "Economy",
                                        "farebase": "LLEOPAE1",
                                        "seats": 9,
                                        "class": "L",
                                        "from": {
                                            "date": "2026\/06\/26 07:40",
                                            "airport": "DXB",
                                            "city": "Dubai",
                                            "country": "United Arab Emirates",
                                            "country_iso": "AE",
                                            "terminal": "3",
                                            "airport_name": "Dubai International Airport"
                                        },
                                        "to": {
                                            "date": "2026\/06\/26 10:45",
                                            "airport": "KHI",
                                            "city": "Karachi",
                                            "country": "Pakistan",
                                            "country_iso": "PK",
                                            "terminal": " ",
                                            "airport_name": "Jinnah International Airport"
                                        },
                                        "equipment": "77W",
                                        "equipment_name": "77W",
                                        "flightnumber": "600",
                                        "operating": "",
                                        "iata": "EK",
                                        "airline_name": "Emirates",
                                        "duration": 125
                                    },
                                    {
                                        "cabin": "Y",
                                        "cabin_name": "Economy",
                                        "farebase": "LLEOPAE1",
                                        "seats": 9,
                                        "class": "I",
                                        "from": {
                                            "date": "2026\/06\/26 14:00",
                                            "airport": "KHI",
                                            "city": "Karachi",
                                            "country": "Pakistan",
                                            "country_iso": "PK",
                                            "terminal": " ",
                                            "airport_name": "Jinnah International Airport"
                                        },
                                        "to": {
                                            "date": "2026\/06\/26 15:45",
                                            "airport": "LHE",
                                            "city": "Lahore",
                                            "country": "Pakistan",
                                            "country_iso": "PK",
                                            "terminal": " ",
                                            "airport_name": "Alama Iqbal International Airport"
                                        },
                                        "equipment": "320",
                                        "equipment_name": "320",
                                        "flightnumber": "304",
                                        "operating": "",
                                        "iata": "PK",
                                        "airline_name": "Pakistan International Airlines",
                                        "duration": 105
                                    }
                                ],
                                "from": {
                                    "date": "2026\/06\/26 07:40",
                                    "airport": "DXB",
                                    "city": "Dubai",
                                    "country": "United Arab Emirates",
                                    "country_iso": "AE",
                                    "terminal": "3",
                                    "airport_name": "Dubai International Airport"
                                },
                                "to": {
                                    "date": "2026\/06\/26 15:45",
                                    "airport": "LHE",
                                    "city": "Lahore",
                                    "country": "Pakistan",
                                    "country_iso": "PK",
                                    "terminal": " ",
                                    "airport_name": "Alama Iqbal International Airport"
                                },
                                "cabin": "Y",
                                "seats": 9,
                                "iata": [
                                    "EK",
                                    "PK"
                                ],
                                "stops": [
                                    "KHI"
                                ],
                                "stop_over": [
                                    195
                                ],
                                "cabin_name": "Economy"
                            }
                        ],
                        "id": "2561202d1a99a08add5201c51d9cbb90",
                        "currency": "USD"
                    },
                    "currency": "USD",
                    "amount": 226.599999999999994315658113919198513031005859375,
                    "actual_amount": 220
                },
                "redirect_url": "",
                "refundable": 0,
                "supplier": "seeru",
                "type": "oneway",
                "layover": {
                    "city": "KHI",
                    "duration": "3 h 5 m"
                }
            },
            {
                "img": "PK",
                "flight_no": "304",
                "airline": "AST Pakistan Airways",
                "class": "economy",
                "baggage": "25  Kg ",
                "cabin_baggage": "7 kg",
                "departure_airport": "Jinnah International Airport",
                "departure_time": "02:00 pm",
                "departure_date": "26-06-2026",
                "departure_code": "KHI",
                "arrival_airport": "Alama Iqbal International Airport",
                "arrival_date": "26-06-2026",
                "arrival_time": "03:45 pm",
                "arrival_code": "LHE",
                "duration_time": "01:45",
                "total_duration": "07:05",
                "currency": "USD",
                "actual_price": "220.00",
                "price": "226.60",
                "adult_price": "226.60",
                "child_price": "0.00",
                "infant_price": "0.00",
                "actual_adult_price": "220.00",
                "actual_child_price": "0.00",
                "actual_infant_price": "0.00",
                "options": "packages data in array",
                "booking_data": {
                    "flight": {
                        "price": 220,
                        "tax": 91.1700000000000017053025658242404460906982421875,
                        "refundable_info": "NON-REFUNDABLE",
                        "fare_key": null,
                        "fare_brand": null,
                        "price_breakdowns": {
                            "ADT": {
                                "total": 220,
                                "price": 128.82999999999998408384271897375583648681640625,
                                "label": "Adult",
                                "tax": 91.1700000000000017053025658242404460906982421875
                            }
                        },
                        "search_id": "OneWay|23|DXB|2026-06-26|EK|600|2026-06-26|KHI_KHI|2026-06-26|PK|304|2026-06-26|LHE",
                        "trip_id": "DXB|2026-06-26|EK|07:40|10:45|2026-06-26|KHI|25 kg_KHI|2026-06-26|PK|14:00|15:45|2026-06-26|LHE|25 kg_LLEOPAE1:LLEOPAE1",
                        "can_hold": true,
                        "instant_issue": true,
                        "from_cache": false,
                        "src": "NT",
                        "total_pax_no_inf": 1,
                        "search_query": "{\"trips\":[{\"from\":\"DXB\",\"to\":\"LHE\",\"date\":\"2026\/06\/26\"}],\"adt\":1,\"chd\":0,\"inf\":0,\"options\":{\"direct\":false,\"cabin\":\"1\",\"multiCity\":false,\"cur\":\"USD\",\"lang\":\"en\",\"office\":\"PHPTRAVELS-TEST\",\"airline\":\"\"}}",
                        "cache_time": 1781105664510,
                        "search_time": 1781105660564,
                        "result_time": 1781105664510,
                        "can_void": false,
                        "can_refund": false,
                        "can_exchange": false,
                        "legs": [
                            {
                                "duration": 425,
                                "bags": {
                                    "unit": "kg",
                                    "value": 25,
                                    "ADT": {
                                        "cabin": {
                                            "desc": "7 kg"
                                        },
                                        "checked": {
                                            "desc": "25  Kg"
                                        }
                                    },
                                    "CHD": {
                                        "cabin": {
                                            "desc": "7 kg"
                                        },
                                        "checked": {
                                            "desc": "1 pc x 25KG"
                                        }
                                    },
                                    "INF": {
                                        "cabin": {
                                            "desc": "7 kg"
                                        },
                                        "checked": {
                                            "desc": "10 KG"
                                        }
                                    }
                                },
                                "segments": [
                                    {
                                        "cabin": "Y",
                                        "cabin_name": "Economy",
                                        "farebase": "LLEOPAE1",
                                        "seats": 9,
                                        "class": "L",
                                        "from": {
                                            "date": "2026\/06\/26 07:40",
                                            "airport": "DXB",
                                            "city": "Dubai",
                                            "country": "United Arab Emirates",
                                            "country_iso": "AE",
                                            "terminal": "3",
                                            "airport_name": "Dubai International Airport"
                                        },
                                        "to": {
                                            "date": "2026\/06\/26 10:45",
                                            "airport": "KHI",
                                            "city": "Karachi",
                                            "country": "Pakistan",
                                            "country_iso": "PK",
                                            "terminal": " ",
                                            "airport_name": "Jinnah International Airport"
                                        },
                                        "equipment": "77W",
                                        "equipment_name": "77W",
                                        "flightnumber": "600",
                                        "operating": "",
                                        "iata": "EK",
                                        "airline_name": "Emirates",
                                        "duration": 125
                                    },
                                    {
                                        "cabin": "Y",
                                        "cabin_name": "Economy",
                                        "farebase": "LLEOPAE1",
                                        "seats": 9,
                                        "class": "I",
                                        "from": {
                                            "date": "2026\/06\/26 14:00",
                                            "airport": "KHI",
                                            "city": "Karachi",
                                            "country": "Pakistan",
                                            "country_iso": "PK",
                                            "terminal": " ",
                                            "airport_name": "Jinnah International Airport"
                                        },
                                        "to": {
                                            "date": "2026\/06\/26 15:45",
                                            "airport": "LHE",
                                            "city": "Lahore",
                                            "country": "Pakistan",
                                            "country_iso": "PK",
                                            "terminal": " ",
                                            "airport_name": "Alama Iqbal International Airport"
                                        },
                                        "equipment": "320",
                                        "equipment_name": "320",
                                        "flightnumber": "304",
                                        "operating": "",
                                        "iata": "PK",
                                        "airline_name": "Pakistan International Airlines",
                                        "duration": 105
                                    }
                                ],
                                "from": {
                                    "date": "2026\/06\/26 07:40",
                                    "airport": "DXB",
                                    "city": "Dubai",
                                    "country": "United Arab Emirates",
                                    "country_iso": "AE",
                                    "terminal": "3",
                                    "airport_name": "Dubai International Airport"
                                },
                                "to": {
                                    "date": "2026\/06\/26 15:45",
                                    "airport": "LHE",
                                    "city": "Lahore",
                                    "country": "Pakistan",
                                    "country_iso": "PK",
                                    "terminal": " ",
                                    "airport_name": "Alama Iqbal International Airport"
                                },
                                "cabin": "Y",
                                "seats": 9,
                                "iata": [
                                    "EK",
                                    "PK"
                                ],
                                "stops": [
                                    "KHI"
                                ],
                                "stop_over": [
                                    195
                                ],
                                "cabin_name": "Economy"
                            }
                        ],
                        "id": "2561202d1a99a08add5201c51d9cbb90",
                        "currency": "USD"
                    },
                    "currency": "USD",
                    "amount": 226.599999999999994315658113919198513031005859375,
                    "actual_amount": 220
                },
                "redirect_url": "",
                "refundable": 0,
                "supplier": "seeru",
                "type": "oneway",
                "layover": {
                    "city": "KHI",
                    "duration": "3 h 5 m"
                }
            }
        ],
        "returnSegments": [],
        "returnFlight": null,
        "isRoundTrip": false,
        "returnStops": 0,
        "returnDuration": "",
        "airlineName": "Emirates",
        "display_currency": "USD"
    }
}
{
    "timestamp": "2026-06-10T15:26:27+02:00",
    "revalidate_request": {
        "csrf_token": "8f4a06490db440217ac526b1849871cd1bd064c53144d6069a5e94c510a5e9de",
        "booking_hash": "2b399b5e4bed8e29",
        "old_price": "220",
        "currency": "USD"
    }
}
{
    "timestamp": "2026-06-10T16:14:13+02:00",
    "flightData": {
        "img": "EK",
        "flight_no": "600",
        "airline": "Emirates",
        "class": "economy",
        "baggage": "25  Kg ",
        "cabin_baggage": "7 kg",
        "departure_airport": "Dubai International Airport",
        "departure_time": "07:40 am",
        "departure_date": "26-06-2026",
        "departure_code": "DXB",
        "arrival_airport": "Alama Iqbal International Airport",
        "arrival_date": "26-06-2026",
        "arrival_time": "03:45 pm",
        "arrival_code": "LHE",
        "duration_time": "02:05",
        "total_duration": "07:05",
        "currency": "USD",
        "actual_price": "220.00",
        "price": "226.60",
        "adult_price": "226.60",
        "child_price": "0.00",
        "infant_price": "0.00",
        "actual_adult_price": "220.00",
        "actual_child_price": "0.00",
        "actual_infant_price": "0.00",
        "options": "packages data in array",
        "booking_data": {
            "flight": {
                "price": 220,
                "tax": 91.1700000000000017053025658242404460906982421875,
                "refundable_info": "NON-REFUNDABLE",
                "fare_key": null,
                "fare_brand": null,
                "price_breakdowns": {
                    "ADT": {
                        "total": 220,
                        "price": 128.82999999999998408384271897375583648681640625,
                        "label": "Adult",
                        "tax": 91.1700000000000017053025658242404460906982421875
                    }
                },
                "search_id": "OneWay|23|DXB|2026-06-26|EK|600|2026-06-26|KHI_KHI|2026-06-26|PK|304|2026-06-26|LHE",
                "trip_id": "DXB|2026-06-26|EK|07:40|10:45|2026-06-26|KHI|25 kg_KHI|2026-06-26|PK|14:00|15:45|2026-06-26|LHE|25 kg_LLEOPAE1:LLEOPAE1",
                "can_hold": true,
                "instant_issue": true,
                "from_cache": false,
                "src": "NT",
                "total_pax_no_inf": 1,
                "search_query": "{\"trips\":[{\"from\":\"DXB\",\"to\":\"LHE\",\"date\":\"2026\/06\/26\"}],\"adt\":1,\"chd\":0,\"inf\":0,\"options\":{\"direct\":false,\"cabin\":\"1\",\"multiCity\":false,\"cur\":\"USD\",\"lang\":\"en\",\"office\":\"PHPTRAVELS-TEST\",\"airline\":\"\"}}",
                "cache_time": 1781105664510,
                "search_time": 1781105660564,
                "result_time": 1781105664510,
                "can_void": false,
                "can_refund": false,
                "can_exchange": false,
                "legs": [
                    {
                        "duration": 425,
                        "bags": {
                            "unit": "kg",
                            "value": 25,
                            "ADT": {
                                "cabin": {
                                    "desc": "7 kg"
                                },
                                "checked": {
                                    "desc": "25  Kg"
                                }
                            },
                            "CHD": {
                                "cabin": {
                                    "desc": "7 kg"
                                },
                                "checked": {
                                    "desc": "1 pc x 25KG"
                                }
                            },
                            "INF": {
                                "cabin": {
                                    "desc": "7 kg"
                                },
                                "checked": {
                                    "desc": "10 KG"
                                }
                            }
                        },
                        "segments": [
                            {
                                "cabin": "Y",
                                "cabin_name": "Economy",
                                "farebase": "LLEOPAE1",
                                "seats": 9,
                                "class": "L",
                                "from": {
                                    "date": "2026\/06\/26 07:40",
                                    "airport": "DXB",
                                    "city": "Dubai",
                                    "country": "United Arab Emirates",
                                    "country_iso": "AE",
                                    "terminal": "3",
                                    "airport_name": "Dubai International Airport"
                                },
                                "to": {
                                    "date": "2026\/06\/26 10:45",
                                    "airport": "KHI",
                                    "city": "Karachi",
                                    "country": "Pakistan",
                                    "country_iso": "PK",
                                    "terminal": " ",
                                    "airport_name": "Jinnah International Airport"
                                },
                                "equipment": "77W",
                                "equipment_name": "77W",
                                "flightnumber": "600",
                                "operating": "",
                                "iata": "EK",
                                "airline_name": "Emirates",
                                "duration": 125
                            },
                            {
                                "cabin": "Y",
                                "cabin_name": "Economy",
                                "farebase": "LLEOPAE1",
                                "seats": 9,
                                "class": "I",
                                "from": {
                                    "date": "2026\/06\/26 14:00",
                                    "airport": "KHI",
                                    "city": "Karachi",
                                    "country": "Pakistan",
                                    "country_iso": "PK",
                                    "terminal": " ",
                                    "airport_name": "Jinnah International Airport"
                                },
                                "to": {
                                    "date": "2026\/06\/26 15:45",
                                    "airport": "LHE",
                                    "city": "Lahore",
                                    "country": "Pakistan",
                                    "country_iso": "PK",
                                    "terminal": " ",
                                    "airport_name": "Alama Iqbal International Airport"
                                },
                                "equipment": "320",
                                "equipment_name": "320",
                                "flightnumber": "304",
                                "operating": "",
                                "iata": "PK",
                                "airline_name": "Pakistan International Airlines",
                                "duration": 105
                            }
                        ],
                        "from": {
                            "date": "2026\/06\/26 07:40",
                            "airport": "DXB",
                            "city": "Dubai",
                            "country": "United Arab Emirates",
                            "country_iso": "AE",
                            "terminal": "3",
                            "airport_name": "Dubai International Airport"
                        },
                        "to": {
                            "date": "2026\/06\/26 15:45",
                            "airport": "LHE",
                            "city": "Lahore",
                            "country": "Pakistan",
                            "country_iso": "PK",
                            "terminal": " ",
                            "airport_name": "Alama Iqbal International Airport"
                        },
                        "cabin": "Y",
                        "seats": 9,
                        "iata": [
                            "EK",
                            "PK"
                        ],
                        "stops": [
                            "KHI"
                        ],
                        "stop_over": [
                            195
                        ],
                        "cabin_name": "Economy"
                    }
                ],
                "id": "2561202d1a99a08add5201c51d9cbb90",
                "currency": "USD"
            },
            "currency": "USD",
            "amount": 226.599999999999994315658113919198513031005859375,
            "actual_amount": 220
        },
        "redirect_url": "",
        "refundable": 0,
        "supplier": "seeru",
        "type": "oneway",
        "layover": {
            "city": "KHI",
            "duration": "3 h 5 m"
        },
        "stops": 1,
        "segments": [
            {
                "img": "EK",
                "flight_no": "600",
                "airline": "Emirates",
                "class": "economy",
                "baggage": "25  Kg ",
                "cabin_baggage": "7 kg",
                "departure_airport": "Dubai International Airport",
                "departure_time": "07:40 am",
                "departure_date": "26-06-2026",
                "departure_code": "DXB",
                "arrival_airport": "Jinnah International Airport",
                "arrival_date": "26-06-2026",
                "arrival_time": "10:45 am",
                "arrival_code": "KHI",
                "duration_time": "02:05",
                "total_duration": "07:05",
                "currency": "USD",
                "actual_price": "220.00",
                "price": "226.60",
                "adult_price": "226.60",
                "child_price": "0.00",
                "infant_price": "0.00",
                "actual_adult_price": "220.00",
                "actual_child_price": "0.00",
                "actual_infant_price": "0.00",
                "options": "packages data in array",
                "booking_data": {
                    "flight": {
                        "price": 220,
                        "tax": 91.1700000000000017053025658242404460906982421875,
                        "refundable_info": "NON-REFUNDABLE",
                        "fare_key": null,
                        "fare_brand": null,
                        "price_breakdowns": {
                            "ADT": {
                                "total": 220,
                                "price": 128.82999999999998408384271897375583648681640625,
                                "label": "Adult",
                                "tax": 91.1700000000000017053025658242404460906982421875
                            }
                        },
                        "search_id": "OneWay|23|DXB|2026-06-26|EK|600|2026-06-26|KHI_KHI|2026-06-26|PK|304|2026-06-26|LHE",
                        "trip_id": "DXB|2026-06-26|EK|07:40|10:45|2026-06-26|KHI|25 kg_KHI|2026-06-26|PK|14:00|15:45|2026-06-26|LHE|25 kg_LLEOPAE1:LLEOPAE1",
                        "can_hold": true,
                        "instant_issue": true,
                        "from_cache": false,
                        "src": "NT",
                        "total_pax_no_inf": 1,
                        "search_query": "{\"trips\":[{\"from\":\"DXB\",\"to\":\"LHE\",\"date\":\"2026\/06\/26\"}],\"adt\":1,\"chd\":0,\"inf\":0,\"options\":{\"direct\":false,\"cabin\":\"1\",\"multiCity\":false,\"cur\":\"USD\",\"lang\":\"en\",\"office\":\"PHPTRAVELS-TEST\",\"airline\":\"\"}}",
                        "cache_time": 1781105664510,
                        "search_time": 1781105660564,
                        "result_time": 1781105664510,
                        "can_void": false,
                        "can_refund": false,
                        "can_exchange": false,
                        "legs": [
                            {
                                "duration": 425,
                                "bags": {
                                    "unit": "kg",
                                    "value": 25,
                                    "ADT": {
                                        "cabin": {
                                            "desc": "7 kg"
                                        },
                                        "checked": {
                                            "desc": "25  Kg"
                                        }
                                    },
                                    "CHD": {
                                        "cabin": {
                                            "desc": "7 kg"
                                        },
                                        "checked": {
                                            "desc": "1 pc x 25KG"
                                        }
                                    },
                                    "INF": {
                                        "cabin": {
                                            "desc": "7 kg"
                                        },
                                        "checked": {
                                            "desc": "10 KG"
                                        }
                                    }
                                },
                                "segments": [
                                    {
                                        "cabin": "Y",
                                        "cabin_name": "Economy",
                                        "farebase": "LLEOPAE1",
                                        "seats": 9,
                                        "class": "L",
                                        "from": {
                                            "date": "2026\/06\/26 07:40",
                                            "airport": "DXB",
                                            "city": "Dubai",
                                            "country": "United Arab Emirates",
                                            "country_iso": "AE",
                                            "terminal": "3",
                                            "airport_name": "Dubai International Airport"
                                        },
                                        "to": {
                                            "date": "2026\/06\/26 10:45",
                                            "airport": "KHI",
                                            "city": "Karachi",
                                            "country": "Pakistan",
                                            "country_iso": "PK",
                                            "terminal": " ",
                                            "airport_name": "Jinnah International Airport"
                                        },
                                        "equipment": "77W",
                                        "equipment_name": "77W",
                                        "flightnumber": "600",
                                        "operating": "",
                                        "iata": "EK",
                                        "airline_name": "Emirates",
                                        "duration": 125
                                    },
                                    {
                                        "cabin": "Y",
                                        "cabin_name": "Economy",
                                        "farebase": "LLEOPAE1",
                                        "seats": 9,
                                        "class": "I",
                                        "from": {
                                            "date": "2026\/06\/26 14:00",
                                            "airport": "KHI",
                                            "city": "Karachi",
                                            "country": "Pakistan",
                                            "country_iso": "PK",
                                            "terminal": " ",
                                            "airport_name": "Jinnah International Airport"
                                        },
                                        "to": {
                                            "date": "2026\/06\/26 15:45",
                                            "airport": "LHE",
                                            "city": "Lahore",
                                            "country": "Pakistan",
                                            "country_iso": "PK",
                                            "terminal": " ",
                                            "airport_name": "Alama Iqbal International Airport"
                                        },
                                        "equipment": "320",
                                        "equipment_name": "320",
                                        "flightnumber": "304",
                                        "operating": "",
                                        "iata": "PK",
                                        "airline_name": "Pakistan International Airlines",
                                        "duration": 105
                                    }
                                ],
                                "from": {
                                    "date": "2026\/06\/26 07:40",
                                    "airport": "DXB",
                                    "city": "Dubai",
                                    "country": "United Arab Emirates",
                                    "country_iso": "AE",
                                    "terminal": "3",
                                    "airport_name": "Dubai International Airport"
                                },
                                "to": {
                                    "date": "2026\/06\/26 15:45",
                                    "airport": "LHE",
                                    "city": "Lahore",
                                    "country": "Pakistan",
                                    "country_iso": "PK",
                                    "terminal": " ",
                                    "airport_name": "Alama Iqbal International Airport"
                                },
                                "cabin": "Y",
                                "seats": 9,
                                "iata": [
                                    "EK",
                                    "PK"
                                ],
                                "stops": [
                                    "KHI"
                                ],
                                "stop_over": [
                                    195
                                ],
                                "cabin_name": "Economy"
                            }
                        ],
                        "id": "2561202d1a99a08add5201c51d9cbb90",
                        "currency": "USD"
                    },
                    "currency": "USD",
                    "amount": 226.599999999999994315658113919198513031005859375,
                    "actual_amount": 220
                },
                "redirect_url": "",
                "refundable": 0,
                "supplier": "seeru",
                "type": "oneway",
                "layover": {
                    "city": "KHI",
                    "duration": "3 h 5 m"
                }
            },
            {
                "img": "PK",
                "flight_no": "304",
                "airline": "AST Pakistan Airways",
                "class": "economy",
                "baggage": "25  Kg ",
                "cabin_baggage": "7 kg",
                "departure_airport": "Jinnah International Airport",
                "departure_time": "02:00 pm",
                "departure_date": "26-06-2026",
                "departure_code": "KHI",
                "arrival_airport": "Alama Iqbal International Airport",
                "arrival_date": "26-06-2026",
                "arrival_time": "03:45 pm",
                "arrival_code": "LHE",
                "duration_time": "01:45",
                "total_duration": "07:05",
                "currency": "USD",
                "actual_price": "220.00",
                "price": "226.60",
                "adult_price": "226.60",
                "child_price": "0.00",
                "infant_price": "0.00",
                "actual_adult_price": "220.00",
                "actual_child_price": "0.00",
                "actual_infant_price": "0.00",
                "options": "packages data in array",
                "booking_data": {
                    "flight": {
                        "price": 220,
                        "tax": 91.1700000000000017053025658242404460906982421875,
                        "refundable_info": "NON-REFUNDABLE",
                        "fare_key": null,
                        "fare_brand": null,
                        "price_breakdowns": {
                            "ADT": {
                                "total": 220,
                                "price": 128.82999999999998408384271897375583648681640625,
                                "label": "Adult",
                                "tax": 91.1700000000000017053025658242404460906982421875
                            }
                        },
                        "search_id": "OneWay|23|DXB|2026-06-26|EK|600|2026-06-26|KHI_KHI|2026-06-26|PK|304|2026-06-26|LHE",
                        "trip_id": "DXB|2026-06-26|EK|07:40|10:45|2026-06-26|KHI|25 kg_KHI|2026-06-26|PK|14:00|15:45|2026-06-26|LHE|25 kg_LLEOPAE1:LLEOPAE1",
                        "can_hold": true,
                        "instant_issue": true,
                        "from_cache": false,
                        "src": "NT",
                        "total_pax_no_inf": 1,
                        "search_query": "{\"trips\":[{\"from\":\"DXB\",\"to\":\"LHE\",\"date\":\"2026\/06\/26\"}],\"adt\":1,\"chd\":0,\"inf\":0,\"options\":{\"direct\":false,\"cabin\":\"1\",\"multiCity\":false,\"cur\":\"USD\",\"lang\":\"en\",\"office\":\"PHPTRAVELS-TEST\",\"airline\":\"\"}}",
                        "cache_time": 1781105664510,
                        "search_time": 1781105660564,
                        "result_time": 1781105664510,
                        "can_void": false,
                        "can_refund": false,
                        "can_exchange": false,
                        "legs": [
                            {
                                "duration": 425,
                                "bags": {
                                    "unit": "kg",
                                    "value": 25,
                                    "ADT": {
                                        "cabin": {
                                            "desc": "7 kg"
                                        },
                                        "checked": {
                                            "desc": "25  Kg"
                                        }
                                    },
                                    "CHD": {
                                        "cabin": {
                                            "desc": "7 kg"
                                        },
                                        "checked": {
                                            "desc": "1 pc x 25KG"
                                        }
                                    },
                                    "INF": {
                                        "cabin": {
                                            "desc": "7 kg"
                                        },
                                        "checked": {
                                            "desc": "10 KG"
                                        }
                                    }
                                },
                                "segments": [
                                    {
                                        "cabin": "Y",
                                        "cabin_name": "Economy",
                                        "farebase": "LLEOPAE1",
                                        "seats": 9,
                                        "class": "L",
                                        "from": {
                                            "date": "2026\/06\/26 07:40",
                                            "airport": "DXB",
                                            "city": "Dubai",
                                            "country": "United Arab Emirates",
                                            "country_iso": "AE",
                                            "terminal": "3",
                                            "airport_name": "Dubai International Airport"
                                        },
                                        "to": {
                                            "date": "2026\/06\/26 10:45",
                                            "airport": "KHI",
                                            "city": "Karachi",
                                            "country": "Pakistan",
                                            "country_iso": "PK",
                                            "terminal": " ",
                                            "airport_name": "Jinnah International Airport"
                                        },
                                        "equipment": "77W",
                                        "equipment_name": "77W",
                                        "flightnumber": "600",
                                        "operating": "",
                                        "iata": "EK",
                                        "airline_name": "Emirates",
                                        "duration": 125
                                    },
                                    {
                                        "cabin": "Y",
                                        "cabin_name": "Economy",
                                        "farebase": "LLEOPAE1",
                                        "seats": 9,
                                        "class": "I",
                                        "from": {
                                            "date": "2026\/06\/26 14:00",
                                            "airport": "KHI",
                                            "city": "Karachi",
                                            "country": "Pakistan",
                                            "country_iso": "PK",
                                            "terminal": " ",
                                            "airport_name": "Jinnah International Airport"
                                        },
                                        "to": {
                                            "date": "2026\/06\/26 15:45",
                                            "airport": "LHE",
                                            "city": "Lahore",
                                            "country": "Pakistan",
                                            "country_iso": "PK",
                                            "terminal": " ",
                                            "airport_name": "Alama Iqbal International Airport"
                                        },
                                        "equipment": "320",
                                        "equipment_name": "320",
                                        "flightnumber": "304",
                                        "operating": "",
                                        "iata": "PK",
                                        "airline_name": "Pakistan International Airlines",
                                        "duration": 105
                                    }
                                ],
                                "from": {
                                    "date": "2026\/06\/26 07:40",
                                    "airport": "DXB",
                                    "city": "Dubai",
                                    "country": "United Arab Emirates",
                                    "country_iso": "AE",
                                    "terminal": "3",
                                    "airport_name": "Dubai International Airport"
                                },
                                "to": {
                                    "date": "2026\/06\/26 15:45",
                                    "airport": "LHE",
                                    "city": "Lahore",
                                    "country": "Pakistan",
                                    "country_iso": "PK",
                                    "terminal": " ",
                                    "airport_name": "Alama Iqbal International Airport"
                                },
                                "cabin": "Y",
                                "seats": 9,
                                "iata": [
                                    "EK",
                                    "PK"
                                ],
                                "stops": [
                                    "KHI"
                                ],
                                "stop_over": [
                                    195
                                ],
                                "cabin_name": "Economy"
                            }
                        ],
                        "id": "2561202d1a99a08add5201c51d9cbb90",
                        "currency": "USD"
                    },
                    "currency": "USD",
                    "amount": 226.599999999999994315658113919198513031005859375,
                    "actual_amount": 220
                },
                "redirect_url": "",
                "refundable": 0,
                "supplier": "seeru",
                "type": "oneway",
                "layover": {
                    "city": "KHI",
                    "duration": "3 h 5 m"
                }
            }
        ],
        "returnSegments": [],
        "returnFlight": null,
        "isRoundTrip": false,
        "returnStops": 0,
        "returnDuration": "",
        "airlineName": "Emirates",
        "display_currency": "USD"
    }
}
{
    "timestamp": "2026-06-10T16:14:13+02:00",
    "revalidate_request": {
        "csrf_token": "c0613c0a0e1fcd7a637d048356233857e8d05328d985f05ac3b2d446b5d1aeb0",
        "booking_hash": "c187a1e8403cb0b8",
        "old_price": "220",
        "currency": "USD"
    }
}
{
    "timestamp": "2026-06-10T16:20:26+02:00",
    "flightData": {
        "img": "EK",
        "flight_no": "600",
        "airline": "Emirates",
        "class": "economy",
        "baggage": "25  Kg ",
        "cabin_baggage": "7 kg",
        "departure_airport": "Dubai International Airport",
        "departure_time": "07:40 am",
        "departure_date": "26-06-2026",
        "departure_code": "DXB",
        "arrival_airport": "Alama Iqbal International Airport",
        "arrival_date": "26-06-2026",
        "arrival_time": "09:35 pm",
        "arrival_code": "LHE",
        "duration_time": "02:05",
        "total_duration": "12:55",
        "currency": "USD",
        "actual_price": "220.00",
        "price": "226.60",
        "adult_price": "226.60",
        "child_price": "0.00",
        "infant_price": "0.00",
        "actual_adult_price": "220.00",
        "actual_child_price": "0.00",
        "actual_infant_price": "0.00",
        "options": "packages data in array",
        "booking_data": {
            "flight": {
                "price": 220,
                "tax": 91.1700000000000017053025658242404460906982421875,
                "refundable_info": "NON-REFUNDABLE",
                "fare_key": null,
                "fare_brand": null,
                "price_breakdowns": {
                    "ADT": {
                        "total": 220,
                        "price": 128.82999999999998408384271897375583648681640625,
                        "label": "Adult",
                        "tax": 91.1700000000000017053025658242404460906982421875
                    }
                },
                "search_id": "OneWay|23|DXB|2026-06-26|EK|600|2026-06-26|KHI_KHI|2026-06-26|PK|306|2026-06-26|LHE",
                "trip_id": "DXB|2026-06-26|EK|07:40|10:45|2026-06-26|KHI|25 kg_KHI|2026-06-26|PK|19:50|21:35|2026-06-26|LHE|25 kg_LLEOPAE1:LLEOPAE1",
                "can_hold": true,
                "instant_issue": true,
                "from_cache": false,
                "src": "NT",
                "total_pax_no_inf": 1,
                "search_query": "{\"trips\":[{\"from\":\"DXB\",\"to\":\"LHE\",\"date\":\"2026\/06\/26\"}],\"adt\":1,\"chd\":0,\"inf\":0,\"options\":{\"direct\":false,\"cabin\":\"1\",\"multiCity\":false,\"cur\":\"USD\",\"lang\":\"en\",\"office\":\"PHPTRAVELS-TEST\",\"airline\":\"\"}}",
                "cache_time": 1781111994125,
                "search_time": 1781111989766,
                "result_time": 1781111994125,
                "can_void": false,
                "can_refund": false,
                "can_exchange": false,
                "legs": [
                    {
                        "duration": 775,
                        "bags": {
                            "unit": "kg",
                            "value": 25,
                            "ADT": {
                                "cabin": {
                                    "desc": "7 kg"
                                },
                                "checked": {
                                    "desc": "25  Kg"
                                }
                            },
                            "CHD": {
                                "cabin": {
                                    "desc": "7 kg"
                                },
                                "checked": {
                                    "desc": "1 pc x 25KG"
                                }
                            },
                            "INF": {
                                "cabin": {
                                    "desc": "7 kg"
                                },
                                "checked": {
                                    "desc": "10 KG"
                                }
                            }
                        },
                        "segments": [
                            {
                                "cabin": "Y",
                                "cabin_name": "Economy",
                                "farebase": "LLEOPAE1",
                                "seats": 9,
                                "class": "L",
                                "from": {
                                    "date": "2026\/06\/26 07:40",
                                    "airport": "DXB",
                                    "city": "Dubai",
                                    "country": "United Arab Emirates",
                                    "country_iso": "AE",
                                    "terminal": "3",
                                    "airport_name": "Dubai International Airport"
                                },
                                "to": {
                                    "date": "2026\/06\/26 10:45",
                                    "airport": "KHI",
                                    "city": "Karachi",
                                    "country": "Pakistan",
                                    "country_iso": "PK",
                                    "terminal": " ",
                                    "airport_name": "Jinnah International Airport"
                                },
                                "equipment": "77W",
                                "equipment_name": "77W",
                                "flightnumber": "600",
                                "operating": "",
                                "iata": "EK",
                                "airline_name": "Emirates",
                                "duration": 125
                            },
                            {
                                "cabin": "Y",
                                "cabin_name": "Economy",
                                "farebase": "LLEOPAE1",
                                "seats": 9,
                                "class": "I",
                                "from": {
                                    "date": "2026\/06\/26 19:50",
                                    "airport": "KHI",
                                    "city": "Karachi",
                                    "country": "Pakistan",
                                    "country_iso": "PK",
                                    "terminal": " ",
                                    "airport_name": "Jinnah International Airport"
                                },
                                "to": {
                                    "date": "2026\/06\/26 21:35",
                                    "airport": "LHE",
                                    "city": "Lahore",
                                    "country": "Pakistan",
                                    "country_iso": "PK",
                                    "terminal": " ",
                                    "airport_name": "Alama Iqbal International Airport"
                                },
                                "equipment": "320",
                                "equipment_name": "320",
                                "flightnumber": "306",
                                "operating": "",
                                "iata": "PK",
                                "airline_name": "Pakistan International Airlines",
                                "duration": 105
                            }
                        ],
                        "from": {
                            "date": "2026\/06\/26 07:40",
                            "airport": "DXB",
                            "city": "Dubai",
                            "country": "United Arab Emirates",
                            "country_iso": "AE",
                            "terminal": "3",
                            "airport_name": "Dubai International Airport"
                        },
                        "to": {
                            "date": "2026\/06\/26 21:35",
                            "airport": "LHE",
                            "city": "Lahore",
                            "country": "Pakistan",
                            "country_iso": "PK",
                            "terminal": " ",
                            "airport_name": "Alama Iqbal International Airport"
                        },
                        "cabin": "Y",
                        "seats": 9,
                        "iata": [
                            "EK",
                            "PK"
                        ],
                        "stops": [
                            "KHI"
                        ],
                        "stop_over": [
                            545
                        ],
                        "cabin_name": "Economy"
                    }
                ],
                "id": "6981635b3d2855001376c396ad094ff7",
                "currency": "USD"
            },
            "currency": "USD",
            "amount": 226.599999999999994315658113919198513031005859375,
            "actual_amount": 220
        },
        "redirect_url": "",
        "refundable": 0,
        "supplier": "seeru",
        "type": "oneway",
        "layover": {
            "city": "KHI",
            "duration": "3 h 5 m"
        },
        "stops": 1,
        "segments": [
            {
                "img": "EK",
                "flight_no": "600",
                "airline": "Emirates",
                "class": "economy",
                "baggage": "25  Kg ",
                "cabin_baggage": "7 kg",
                "departure_airport": "Dubai International Airport",
                "departure_time": "07:40 am",
                "departure_date": "26-06-2026",
                "departure_code": "DXB",
                "arrival_airport": "Jinnah International Airport",
                "arrival_date": "26-06-2026",
                "arrival_time": "10:45 am",
                "arrival_code": "KHI",
                "duration_time": "02:05",
                "total_duration": "12:55",
                "currency": "USD",
                "actual_price": "220.00",
                "price": "226.60",
                "adult_price": "226.60",
                "child_price": "0.00",
                "infant_price": "0.00",
                "actual_adult_price": "220.00",
                "actual_child_price": "0.00",
                "actual_infant_price": "0.00",
                "options": "packages data in array",
                "booking_data": {
                    "flight": {
                        "price": 220,
                        "tax": 91.1700000000000017053025658242404460906982421875,
                        "refundable_info": "NON-REFUNDABLE",
                        "fare_key": null,
                        "fare_brand": null,
                        "price_breakdowns": {
                            "ADT": {
                                "total": 220,
                                "price": 128.82999999999998408384271897375583648681640625,
                                "label": "Adult",
                                "tax": 91.1700000000000017053025658242404460906982421875
                            }
                        },
                        "search_id": "OneWay|23|DXB|2026-06-26|EK|600|2026-06-26|KHI_KHI|2026-06-26|PK|306|2026-06-26|LHE",
                        "trip_id": "DXB|2026-06-26|EK|07:40|10:45|2026-06-26|KHI|25 kg_KHI|2026-06-26|PK|19:50|21:35|2026-06-26|LHE|25 kg_LLEOPAE1:LLEOPAE1",
                        "can_hold": true,
                        "instant_issue": true,
                        "from_cache": false,
                        "src": "NT",
                        "total_pax_no_inf": 1,
                        "search_query": "{\"trips\":[{\"from\":\"DXB\",\"to\":\"LHE\",\"date\":\"2026\/06\/26\"}],\"adt\":1,\"chd\":0,\"inf\":0,\"options\":{\"direct\":false,\"cabin\":\"1\",\"multiCity\":false,\"cur\":\"USD\",\"lang\":\"en\",\"office\":\"PHPTRAVELS-TEST\",\"airline\":\"\"}}",
                        "cache_time": 1781111994125,
                        "search_time": 1781111989766,
                        "result_time": 1781111994125,
                        "can_void": false,
                        "can_refund": false,
                        "can_exchange": false,
                        "legs": [
                            {
                                "duration": 775,
                                "bags": {
                                    "unit": "kg",
                                    "value": 25,
                                    "ADT": {
                                        "cabin": {
                                            "desc": "7 kg"
                                        },
                                        "checked": {
                                            "desc": "25  Kg"
                                        }
                                    },
                                    "CHD": {
                                        "cabin": {
                                            "desc": "7 kg"
                                        },
                                        "checked": {
                                            "desc": "1 pc x 25KG"
                                        }
                                    },
                                    "INF": {
                                        "cabin": {
                                            "desc": "7 kg"
                                        },
                                        "checked": {
                                            "desc": "10 KG"
                                        }
                                    }
                                },
                                "segments": [
                                    {
                                        "cabin": "Y",
                                        "cabin_name": "Economy",
                                        "farebase": "LLEOPAE1",
                                        "seats": 9,
                                        "class": "L",
                                        "from": {
                                            "date": "2026\/06\/26 07:40",
                                            "airport": "DXB",
                                            "city": "Dubai",
                                            "country": "United Arab Emirates",
                                            "country_iso": "AE",
                                            "terminal": "3",
                                            "airport_name": "Dubai International Airport"
                                        },
                                        "to": {
                                            "date": "2026\/06\/26 10:45",
                                            "airport": "KHI",
                                            "city": "Karachi",
                                            "country": "Pakistan",
                                            "country_iso": "PK",
                                            "terminal": " ",
                                            "airport_name": "Jinnah International Airport"
                                        },
                                        "equipment": "77W",
                                        "equipment_name": "77W",
                                        "flightnumber": "600",
                                        "operating": "",
                                        "iata": "EK",
                                        "airline_name": "Emirates",
                                        "duration": 125
                                    },
                                    {
                                        "cabin": "Y",
                                        "cabin_name": "Economy",
                                        "farebase": "LLEOPAE1",
                                        "seats": 9,
                                        "class": "I",
                                        "from": {
                                            "date": "2026\/06\/26 19:50",
                                            "airport": "KHI",
                                            "city": "Karachi",
                                            "country": "Pakistan",
                                            "country_iso": "PK",
                                            "terminal": " ",
                                            "airport_name": "Jinnah International Airport"
                                        },
                                        "to": {
                                            "date": "2026\/06\/26 21:35",
                                            "airport": "LHE",
                                            "city": "Lahore",
                                            "country": "Pakistan",
                                            "country_iso": "PK",
                                            "terminal": " ",
                                            "airport_name": "Alama Iqbal International Airport"
                                        },
                                        "equipment": "320",
                                        "equipment_name": "320",
                                        "flightnumber": "306",
                                        "operating": "",
                                        "iata": "PK",
                                        "airline_name": "Pakistan International Airlines",
                                        "duration": 105
                                    }
                                ],
                                "from": {
                                    "date": "2026\/06\/26 07:40",
                                    "airport": "DXB",
                                    "city": "Dubai",
                                    "country": "United Arab Emirates",
                                    "country_iso": "AE",
                                    "terminal": "3",
                                    "airport_name": "Dubai International Airport"
                                },
                                "to": {
                                    "date": "2026\/06\/26 21:35",
                                    "airport": "LHE",
                                    "city": "Lahore",
                                    "country": "Pakistan",
                                    "country_iso": "PK",
                                    "terminal": " ",
                                    "airport_name": "Alama Iqbal International Airport"
                                },
                                "cabin": "Y",
                                "seats": 9,
                                "iata": [
                                    "EK",
                                    "PK"
                                ],
                                "stops": [
                                    "KHI"
                                ],
                                "stop_over": [
                                    545
                                ],
                                "cabin_name": "Economy"
                            }
                        ],
                        "id": "6981635b3d2855001376c396ad094ff7",
                        "currency": "USD"
                    },
                    "currency": "USD",
                    "amount": 226.599999999999994315658113919198513031005859375,
                    "actual_amount": 220
                },
                "redirect_url": "",
                "refundable": 0,
                "supplier": "seeru",
                "type": "oneway",
                "layover": {
                    "city": "KHI",
                    "duration": "3 h 5 m"
                }
            },
            {
                "img": "PK",
                "flight_no": "306",
                "airline": "AST Pakistan Airways",
                "class": "economy",
                "baggage": "25  Kg ",
                "cabin_baggage": "7 kg",
                "departure_airport": "Jinnah International Airport",
                "departure_time": "07:50 pm",
                "departure_date": "26-06-2026",
                "departure_code": "KHI",
                "arrival_airport": "Alama Iqbal International Airport",
                "arrival_date": "26-06-2026",
                "arrival_time": "09:35 pm",
                "arrival_code": "LHE",
                "duration_time": "01:45",
                "total_duration": "12:55",
                "currency": "USD",
                "actual_price": "220.00",
                "price": "226.60",
                "adult_price": "226.60",
                "child_price": "0.00",
                "infant_price": "0.00",
                "actual_adult_price": "220.00",
                "actual_child_price": "0.00",
                "actual_infant_price": "0.00",
                "options": "packages data in array",
                "booking_data": {
                    "flight": {
                        "price": 220,
                        "tax": 91.1700000000000017053025658242404460906982421875,
                        "refundable_info": "NON-REFUNDABLE",
                        "fare_key": null,
                        "fare_brand": null,
                        "price_breakdowns": {
                            "ADT": {
                                "total": 220,
                                "price": 128.82999999999998408384271897375583648681640625,
                                "label": "Adult",
                                "tax": 91.1700000000000017053025658242404460906982421875
                            }
                        },
                        "search_id": "OneWay|23|DXB|2026-06-26|EK|600|2026-06-26|KHI_KHI|2026-06-26|PK|306|2026-06-26|LHE",
                        "trip_id": "DXB|2026-06-26|EK|07:40|10:45|2026-06-26|KHI|25 kg_KHI|2026-06-26|PK|19:50|21:35|2026-06-26|LHE|25 kg_LLEOPAE1:LLEOPAE1",
                        "can_hold": true,
                        "instant_issue": true,
                        "from_cache": false,
                        "src": "NT",
                        "total_pax_no_inf": 1,
                        "search_query": "{\"trips\":[{\"from\":\"DXB\",\"to\":\"LHE\",\"date\":\"2026\/06\/26\"}],\"adt\":1,\"chd\":0,\"inf\":0,\"options\":{\"direct\":false,\"cabin\":\"1\",\"multiCity\":false,\"cur\":\"USD\",\"lang\":\"en\",\"office\":\"PHPTRAVELS-TEST\",\"airline\":\"\"}}",
                        "cache_time": 1781111994125,
                        "search_time": 1781111989766,
                        "result_time": 1781111994125,
                        "can_void": false,
                        "can_refund": false,
                        "can_exchange": false,
                        "legs": [
                            {
                                "duration": 775,
                                "bags": {
                                    "unit": "kg",
                                    "value": 25,
                                    "ADT": {
                                        "cabin": {
                                            "desc": "7 kg"
                                        },
                                        "checked": {
                                            "desc": "25  Kg"
                                        }
                                    },
                                    "CHD": {
                                        "cabin": {
                                            "desc": "7 kg"
                                        },
                                        "checked": {
                                            "desc": "1 pc x 25KG"
                                        }
                                    },
                                    "INF": {
                                        "cabin": {
                                            "desc": "7 kg"
                                        },
                                        "checked": {
                                            "desc": "10 KG"
                                        }
                                    }
                                },
                                "segments": [
                                    {
                                        "cabin": "Y",
                                        "cabin_name": "Economy",
                                        "farebase": "LLEOPAE1",
                                        "seats": 9,
                                        "class": "L",
                                        "from": {
                                            "date": "2026\/06\/26 07:40",
                                            "airport": "DXB",
                                            "city": "Dubai",
                                            "country": "United Arab Emirates",
                                            "country_iso": "AE",
                                            "terminal": "3",
                                            "airport_name": "Dubai International Airport"
                                        },
                                        "to": {
                                            "date": "2026\/06\/26 10:45",
                                            "airport": "KHI",
                                            "city": "Karachi",
                                            "country": "Pakistan",
                                            "country_iso": "PK",
                                            "terminal": " ",
                                            "airport_name": "Jinnah International Airport"
                                        },
                                        "equipment": "77W",
                                        "equipment_name": "77W",
                                        "flightnumber": "600",
                                        "operating": "",
                                        "iata": "EK",
                                        "airline_name": "Emirates",
                                        "duration": 125
                                    },
                                    {
                                        "cabin": "Y",
                                        "cabin_name": "Economy",
                                        "farebase": "LLEOPAE1",
                                        "seats": 9,
                                        "class": "I",
                                        "from": {
                                            "date": "2026\/06\/26 19:50",
                                            "airport": "KHI",
                                            "city": "Karachi",
                                            "country": "Pakistan",
                                            "country_iso": "PK",
                                            "terminal": " ",
                                            "airport_name": "Jinnah International Airport"
                                        },
                                        "to": {
                                            "date": "2026\/06\/26 21:35",
                                            "airport": "LHE",
                                            "city": "Lahore",
                                            "country": "Pakistan",
                                            "country_iso": "PK",
                                            "terminal": " ",
                                            "airport_name": "Alama Iqbal International Airport"
                                        },
                                        "equipment": "320",
                                        "equipment_name": "320",
                                        "flightnumber": "306",
                                        "operating": "",
                                        "iata": "PK",
                                        "airline_name": "Pakistan International Airlines",
                                        "duration": 105
                                    }
                                ],
                                "from": {
                                    "date": "2026\/06\/26 07:40",
                                    "airport": "DXB",
                                    "city": "Dubai",
                                    "country": "United Arab Emirates",
                                    "country_iso": "AE",
                                    "terminal": "3",
                                    "airport_name": "Dubai International Airport"
                                },
                                "to": {
                                    "date": "2026\/06\/26 21:35",
                                    "airport": "LHE",
                                    "city": "Lahore",
                                    "country": "Pakistan",
                                    "country_iso": "PK",
                                    "terminal": " ",
                                    "airport_name": "Alama Iqbal International Airport"
                                },
                                "cabin": "Y",
                                "seats": 9,
                                "iata": [
                                    "EK",
                                    "PK"
                                ],
                                "stops": [
                                    "KHI"
                                ],
                                "stop_over": [
                                    545
                                ],
                                "cabin_name": "Economy"
                            }
                        ],
                        "id": "6981635b3d2855001376c396ad094ff7",
                        "currency": "USD"
                    },
                    "currency": "USD",
                    "amount": 226.599999999999994315658113919198513031005859375,
                    "actual_amount": 220
                },
                "redirect_url": "",
                "refundable": 0,
                "supplier": "seeru",
                "type": "oneway",
                "layover": {
                    "city": "KHI",
                    "duration": "3 h 5 m"
                }
            }
        ],
        "returnSegments": [],
        "returnFlight": null,
        "isRoundTrip": false,
        "returnStops": 0,
        "returnDuration": "",
        "airlineName": "Emirates",
        "display_currency": "USD"
    }
}
{
    "timestamp": "2026-06-10T16:20:26+02:00",
    "revalidate_request": {
        "csrf_token": "c0613c0a0e1fcd7a637d048356233857e8d05328d985f05ac3b2d446b5d1aeb0",
        "booking_hash": "d72e32f61d9798c7",
        "old_price": "220",
        "currency": "USD"
    }
}
{
    "timestamp": "2026-06-10T16:20:26+02:00",
    "revalidate_request": {
        "csrf_token": "c0613c0a0e1fcd7a637d048356233857e8d05328d985f05ac3b2d446b5d1aeb0",
        "booking_hash": "d72e32f61d9798c7",
        "old_price": "220",
        "currency": "USD"
    }
}
{
    "timestamp": "2026-06-10T16:20:40+02:00",
    "flightData": {
        "img": "EK",
        "flight_no": "600",
        "airline": "Emirates",
        "class": "economy",
        "baggage": "25  Kg ",
        "cabin_baggage": "7 kg",
        "departure_airport": "Dubai International Airport",
        "departure_time": "07:40 am",
        "departure_date": "26-06-2026",
        "departure_code": "DXB",
        "arrival_airport": "Alama Iqbal International Airport",
        "arrival_date": "26-06-2026",
        "arrival_time": "09:35 pm",
        "arrival_code": "LHE",
        "duration_time": "02:05",
        "total_duration": "12:55",
        "currency": "USD",
        "actual_price": "220.00",
        "price": "226.60",
        "adult_price": "226.60",
        "child_price": "0.00",
        "infant_price": "0.00",
        "actual_adult_price": "220.00",
        "actual_child_price": "0.00",
        "actual_infant_price": "0.00",
        "options": "packages data in array",
        "booking_data": {
            "flight": {
                "price": 220,
                "tax": 91.1700000000000017053025658242404460906982421875,
                "refundable_info": "NON-REFUNDABLE",
                "fare_key": null,
                "fare_brand": null,
                "price_breakdowns": {
                    "ADT": {
                        "total": 220,
                        "price": 128.82999999999998408384271897375583648681640625,
                        "label": "Adult",
                        "tax": 91.1700000000000017053025658242404460906982421875
                    }
                },
                "search_id": "OneWay|23|DXB|2026-06-26|EK|600|2026-06-26|KHI_KHI|2026-06-26|PK|306|2026-06-26|LHE",
                "trip_id": "DXB|2026-06-26|EK|07:40|10:45|2026-06-26|KHI|25 kg_KHI|2026-06-26|PK|19:50|21:35|2026-06-26|LHE|25 kg_LLEOPAE1:LLEOPAE1",
                "can_hold": true,
                "instant_issue": true,
                "from_cache": false,
                "src": "NT",
                "total_pax_no_inf": 1,
                "search_query": "{\"trips\":[{\"from\":\"DXB\",\"to\":\"LHE\",\"date\":\"2026\/06\/26\"}],\"adt\":1,\"chd\":0,\"inf\":0,\"options\":{\"direct\":false,\"cabin\":\"1\",\"multiCity\":false,\"cur\":\"USD\",\"lang\":\"en\",\"office\":\"PHPTRAVELS-TEST\",\"airline\":\"\"}}",
                "cache_time": 1781111994125,
                "search_time": 1781111989766,
                "result_time": 1781111994125,
                "can_void": false,
                "can_refund": false,
                "can_exchange": false,
                "legs": [
                    {
                        "duration": 775,
                        "bags": {
                            "unit": "kg",
                            "value": 25,
                            "ADT": {
                                "cabin": {
                                    "desc": "7 kg"
                                },
                                "checked": {
                                    "desc": "25  Kg"
                                }
                            },
                            "CHD": {
                                "cabin": {
                                    "desc": "7 kg"
                                },
                                "checked": {
                                    "desc": "1 pc x 25KG"
                                }
                            },
                            "INF": {
                                "cabin": {
                                    "desc": "7 kg"
                                },
                                "checked": {
                                    "desc": "10 KG"
                                }
                            }
                        },
                        "segments": [
                            {
                                "cabin": "Y",
                                "cabin_name": "Economy",
                                "farebase": "LLEOPAE1",
                                "seats": 9,
                                "class": "L",
                                "from": {
                                    "date": "2026\/06\/26 07:40",
                                    "airport": "DXB",
                                    "city": "Dubai",
                                    "country": "United Arab Emirates",
                                    "country_iso": "AE",
                                    "terminal": "3",
                                    "airport_name": "Dubai International Airport"
                                },
                                "to": {
                                    "date": "2026\/06\/26 10:45",
                                    "airport": "KHI",
                                    "city": "Karachi",
                                    "country": "Pakistan",
                                    "country_iso": "PK",
                                    "terminal": " ",
                                    "airport_name": "Jinnah International Airport"
                                },
                                "equipment": "77W",
                                "equipment_name": "77W",
                                "flightnumber": "600",
                                "operating": "",
                                "iata": "EK",
                                "airline_name": "Emirates",
                                "duration": 125
                            },
                            {
                                "cabin": "Y",
                                "cabin_name": "Economy",
                                "farebase": "LLEOPAE1",
                                "seats": 9,
                                "class": "I",
                                "from": {
                                    "date": "2026\/06\/26 19:50",
                                    "airport": "KHI",
                                    "city": "Karachi",
                                    "country": "Pakistan",
                                    "country_iso": "PK",
                                    "terminal": " ",
                                    "airport_name": "Jinnah International Airport"
                                },
                                "to": {
                                    "date": "2026\/06\/26 21:35",
                                    "airport": "LHE",
                                    "city": "Lahore",
                                    "country": "Pakistan",
                                    "country_iso": "PK",
                                    "terminal": " ",
                                    "airport_name": "Alama Iqbal International Airport"
                                },
                                "equipment": "320",
                                "equipment_name": "320",
                                "flightnumber": "306",
                                "operating": "",
                                "iata": "PK",
                                "airline_name": "Pakistan International Airlines",
                                "duration": 105
                            }
                        ],
                        "from": {
                            "date": "2026\/06\/26 07:40",
                            "airport": "DXB",
                            "city": "Dubai",
                            "country": "United Arab Emirates",
                            "country_iso": "AE",
                            "terminal": "3",
                            "airport_name": "Dubai International Airport"
                        },
                        "to": {
                            "date": "2026\/06\/26 21:35",
                            "airport": "LHE",
                            "city": "Lahore",
                            "country": "Pakistan",
                            "country_iso": "PK",
                            "terminal": " ",
                            "airport_name": "Alama Iqbal International Airport"
                        },
                        "cabin": "Y",
                        "seats": 9,
                        "iata": [
                            "EK",
                            "PK"
                        ],
                        "stops": [
                            "KHI"
                        ],
                        "stop_over": [
                            545
                        ],
                        "cabin_name": "Economy"
                    }
                ],
                "id": "6981635b3d2855001376c396ad094ff7",
                "currency": "USD"
            },
            "currency": "USD",
            "amount": 226.599999999999994315658113919198513031005859375,
            "actual_amount": 220,
            "revalidated_at": "2026-06-10T16:20:26+02:00"
        },
        "redirect_url": "",
        "refundable": 0,
        "supplier": "seeru",
        "type": "oneway",
        "layover": {
            "city": "KHI",
            "duration": "3 h 5 m"
        },
        "stops": 1,
        "segments": [
            {
                "img": "EK",
                "flight_no": "600",
                "airline": "Emirates",
                "class": "economy",
                "baggage": "25  Kg ",
                "cabin_baggage": "7 kg",
                "departure_airport": "Dubai International Airport",
                "departure_time": "07:40 am",
                "departure_date": "26-06-2026",
                "departure_code": "DXB",
                "arrival_airport": "Jinnah International Airport",
                "arrival_date": "26-06-2026",
                "arrival_time": "10:45 am",
                "arrival_code": "KHI",
                "duration_time": "02:05",
                "total_duration": "12:55",
                "currency": "USD",
                "actual_price": "220.00",
                "price": "226.60",
                "adult_price": "226.60",
                "child_price": "0.00",
                "infant_price": "0.00",
                "actual_adult_price": "220.00",
                "actual_child_price": "0.00",
                "actual_infant_price": "0.00",
                "options": "packages data in array",
                "booking_data": {
                    "flight": {
                        "price": 220,
                        "tax": 91.1700000000000017053025658242404460906982421875,
                        "refundable_info": "NON-REFUNDABLE",
                        "fare_key": null,
                        "fare_brand": null,
                        "price_breakdowns": {
                            "ADT": {
                                "total": 220,
                                "price": 128.82999999999998408384271897375583648681640625,
                                "label": "Adult",
                                "tax": 91.1700000000000017053025658242404460906982421875
                            }
                        },
                        "search_id": "OneWay|23|DXB|2026-06-26|EK|600|2026-06-26|KHI_KHI|2026-06-26|PK|306|2026-06-26|LHE",
                        "trip_id": "DXB|2026-06-26|EK|07:40|10:45|2026-06-26|KHI|25 kg_KHI|2026-06-26|PK|19:50|21:35|2026-06-26|LHE|25 kg_LLEOPAE1:LLEOPAE1",
                        "can_hold": true,
                        "instant_issue": true,
                        "from_cache": false,
                        "src": "NT",
                        "total_pax_no_inf": 1,
                        "search_query": "{\"trips\":[{\"from\":\"DXB\",\"to\":\"LHE\",\"date\":\"2026\/06\/26\"}],\"adt\":1,\"chd\":0,\"inf\":0,\"options\":{\"direct\":false,\"cabin\":\"1\",\"multiCity\":false,\"cur\":\"USD\",\"lang\":\"en\",\"office\":\"PHPTRAVELS-TEST\",\"airline\":\"\"}}",
                        "cache_time": 1781111994125,
                        "search_time": 1781111989766,
                        "result_time": 1781111994125,
                        "can_void": false,
                        "can_refund": false,
                        "can_exchange": false,
                        "legs": [
                            {
                                "duration": 775,
                                "bags": {
                                    "unit": "kg",
                                    "value": 25,
                                    "ADT": {
                                        "cabin": {
                                            "desc": "7 kg"
                                        },
                                        "checked": {
                                            "desc": "25  Kg"
                                        }
                                    },
                                    "CHD": {
                                        "cabin": {
                                            "desc": "7 kg"
                                        },
                                        "checked": {
                                            "desc": "1 pc x 25KG"
                                        }
                                    },
                                    "INF": {
                                        "cabin": {
                                            "desc": "7 kg"
                                        },
                                        "checked": {
                                            "desc": "10 KG"
                                        }
                                    }
                                },
                                "segments": [
                                    {
                                        "cabin": "Y",
                                        "cabin_name": "Economy",
                                        "farebase": "LLEOPAE1",
                                        "seats": 9,
                                        "class": "L",
                                        "from": {
                                            "date": "2026\/06\/26 07:40",
                                            "airport": "DXB",
                                            "city": "Dubai",
                                            "country": "United Arab Emirates",
                                            "country_iso": "AE",
                                            "terminal": "3",
                                            "airport_name": "Dubai International Airport"
                                        },
                                        "to": {
                                            "date": "2026\/06\/26 10:45",
                                            "airport": "KHI",
                                            "city": "Karachi",
                                            "country": "Pakistan",
                                            "country_iso": "PK",
                                            "terminal": " ",
                                            "airport_name": "Jinnah International Airport"
                                        },
                                        "equipment": "77W",
                                        "equipment_name": "77W",
                                        "flightnumber": "600",
                                        "operating": "",
                                        "iata": "EK",
                                        "airline_name": "Emirates",
                                        "duration": 125
                                    },
                                    {
                                        "cabin": "Y",
                                        "cabin_name": "Economy",
                                        "farebase": "LLEOPAE1",
                                        "seats": 9,
                                        "class": "I",
                                        "from": {
                                            "date": "2026\/06\/26 19:50",
                                            "airport": "KHI",
                                            "city": "Karachi",
                                            "country": "Pakistan",
                                            "country_iso": "PK",
                                            "terminal": " ",
                                            "airport_name": "Jinnah International Airport"
                                        },
                                        "to": {
                                            "date": "2026\/06\/26 21:35",
                                            "airport": "LHE",
                                            "city": "Lahore",
                                            "country": "Pakistan",
                                            "country_iso": "PK",
                                            "terminal": " ",
                                            "airport_name": "Alama Iqbal International Airport"
                                        },
                                        "equipment": "320",
                                        "equipment_name": "320",
                                        "flightnumber": "306",
                                        "operating": "",
                                        "iata": "PK",
                                        "airline_name": "Pakistan International Airlines",
                                        "duration": 105
                                    }
                                ],
                                "from": {
                                    "date": "2026\/06\/26 07:40",
                                    "airport": "DXB",
                                    "city": "Dubai",
                                    "country": "United Arab Emirates",
                                    "country_iso": "AE",
                                    "terminal": "3",
                                    "airport_name": "Dubai International Airport"
                                },
                                "to": {
                                    "date": "2026\/06\/26 21:35",
                                    "airport": "LHE",
                                    "city": "Lahore",
                                    "country": "Pakistan",
                                    "country_iso": "PK",
                                    "terminal": " ",
                                    "airport_name": "Alama Iqbal International Airport"
                                },
                                "cabin": "Y",
                                "seats": 9,
                                "iata": [
                                    "EK",
                                    "PK"
                                ],
                                "stops": [
                                    "KHI"
                                ],
                                "stop_over": [
                                    545
                                ],
                                "cabin_name": "Economy"
                            }
                        ],
                        "id": "6981635b3d2855001376c396ad094ff7",
                        "currency": "USD"
                    },
                    "currency": "USD",
                    "amount": 226.599999999999994315658113919198513031005859375,
                    "actual_amount": 220
                },
                "redirect_url": "",
                "refundable": 0,
                "supplier": "seeru",
                "type": "oneway",
                "layover": {
                    "city": "KHI",
                    "duration": "3 h 5 m"
                }
            },
            {
                "img": "PK",
                "flight_no": "306",
                "airline": "AST Pakistan Airways",
                "class": "economy",
                "baggage": "25  Kg ",
                "cabin_baggage": "7 kg",
                "departure_airport": "Jinnah International Airport",
                "departure_time": "07:50 pm",
                "departure_date": "26-06-2026",
                "departure_code": "KHI",
                "arrival_airport": "Alama Iqbal International Airport",
                "arrival_date": "26-06-2026",
                "arrival_time": "09:35 pm",
                "arrival_code": "LHE",
                "duration_time": "01:45",
                "total_duration": "12:55",
                "currency": "USD",
                "actual_price": "220.00",
                "price": "226.60",
                "adult_price": "226.60",
                "child_price": "0.00",
                "infant_price": "0.00",
                "actual_adult_price": "220.00",
                "actual_child_price": "0.00",
                "actual_infant_price": "0.00",
                "options": "packages data in array",
                "booking_data": {
                    "flight": {
                        "price": 220,
                        "tax": 91.1700000000000017053025658242404460906982421875,
                        "refundable_info": "NON-REFUNDABLE",
                        "fare_key": null,
                        "fare_brand": null,
                        "price_breakdowns": {
                            "ADT": {
                                "total": 220,
                                "price": 128.82999999999998408384271897375583648681640625,
                                "label": "Adult",
                                "tax": 91.1700000000000017053025658242404460906982421875
                            }
                        },
                        "search_id": "OneWay|23|DXB|2026-06-26|EK|600|2026-06-26|KHI_KHI|2026-06-26|PK|306|2026-06-26|LHE",
                        "trip_id": "DXB|2026-06-26|EK|07:40|10:45|2026-06-26|KHI|25 kg_KHI|2026-06-26|PK|19:50|21:35|2026-06-26|LHE|25 kg_LLEOPAE1:LLEOPAE1",
                        "can_hold": true,
                        "instant_issue": true,
                        "from_cache": false,
                        "src": "NT",
                        "total_pax_no_inf": 1,
                        "search_query": "{\"trips\":[{\"from\":\"DXB\",\"to\":\"LHE\",\"date\":\"2026\/06\/26\"}],\"adt\":1,\"chd\":0,\"inf\":0,\"options\":{\"direct\":false,\"cabin\":\"1\",\"multiCity\":false,\"cur\":\"USD\",\"lang\":\"en\",\"office\":\"PHPTRAVELS-TEST\",\"airline\":\"\"}}",
                        "cache_time": 1781111994125,
                        "search_time": 1781111989766,
                        "result_time": 1781111994125,
                        "can_void": false,
                        "can_refund": false,
                        "can_exchange": false,
                        "legs": [
                            {
                                "duration": 775,
                                "bags": {
                                    "unit": "kg",
                                    "value": 25,
                                    "ADT": {
                                        "cabin": {
                                            "desc": "7 kg"
                                        },
                                        "checked": {
                                            "desc": "25  Kg"
                                        }
                                    },
                                    "CHD": {
                                        "cabin": {
                                            "desc": "7 kg"
                                        },
                                        "checked": {
                                            "desc": "1 pc x 25KG"
                                        }
                                    },
                                    "INF": {
                                        "cabin": {
                                            "desc": "7 kg"
                                        },
                                        "checked": {
                                            "desc": "10 KG"
                                        }
                                    }
                                },
                                "segments": [
                                    {
                                        "cabin": "Y",
                                        "cabin_name": "Economy",
                                        "farebase": "LLEOPAE1",
                                        "seats": 9,
                                        "class": "L",
                                        "from": {
                                            "date": "2026\/06\/26 07:40",
                                            "airport": "DXB",
                                            "city": "Dubai",
                                            "country": "United Arab Emirates",
                                            "country_iso": "AE",
                                            "terminal": "3",
                                            "airport_name": "Dubai International Airport"
                                        },
                                        "to": {
                                            "date": "2026\/06\/26 10:45",
                                            "airport": "KHI",
                                            "city": "Karachi",
                                            "country": "Pakistan",
                                            "country_iso": "PK",
                                            "terminal": " ",
                                            "airport_name": "Jinnah International Airport"
                                        },
                                        "equipment": "77W",
                                        "equipment_name": "77W",
                                        "flightnumber": "600",
                                        "operating": "",
                                        "iata": "EK",
                                        "airline_name": "Emirates",
                                        "duration": 125
                                    },
                                    {
                                        "cabin": "Y",
                                        "cabin_name": "Economy",
                                        "farebase": "LLEOPAE1",
                                        "seats": 9,
                                        "class": "I",
                                        "from": {
                                            "date": "2026\/06\/26 19:50",
                                            "airport": "KHI",
                                            "city": "Karachi",
                                            "country": "Pakistan",
                                            "country_iso": "PK",
                                            "terminal": " ",
                                            "airport_name": "Jinnah International Airport"
                                        },
                                        "to": {
                                            "date": "2026\/06\/26 21:35",
                                            "airport": "LHE",
                                            "city": "Lahore",
                                            "country": "Pakistan",
                                            "country_iso": "PK",
                                            "terminal": " ",
                                            "airport_name": "Alama Iqbal International Airport"
                                        },
                                        "equipment": "320",
                                        "equipment_name": "320",
                                        "flightnumber": "306",
                                        "operating": "",
                                        "iata": "PK",
                                        "airline_name": "Pakistan International Airlines",
                                        "duration": 105
                                    }
                                ],
                                "from": {
                                    "date": "2026\/06\/26 07:40",
                                    "airport": "DXB",
                                    "city": "Dubai",
                                    "country": "United Arab Emirates",
                                    "country_iso": "AE",
                                    "terminal": "3",
                                    "airport_name": "Dubai International Airport"
                                },
                                "to": {
                                    "date": "2026\/06\/26 21:35",
                                    "airport": "LHE",
                                    "city": "Lahore",
                                    "country": "Pakistan",
                                    "country_iso": "PK",
                                    "terminal": " ",
                                    "airport_name": "Alama Iqbal International Airport"
                                },
                                "cabin": "Y",
                                "seats": 9,
                                "iata": [
                                    "EK",
                                    "PK"
                                ],
                                "stops": [
                                    "KHI"
                                ],
                                "stop_over": [
                                    545
                                ],
                                "cabin_name": "Economy"
                            }
                        ],
                        "id": "6981635b3d2855001376c396ad094ff7",
                        "currency": "USD"
                    },
                    "currency": "USD",
                    "amount": 226.599999999999994315658113919198513031005859375,
                    "actual_amount": 220
                },
                "redirect_url": "",
                "refundable": 0,
                "supplier": "seeru",
                "type": "oneway",
                "layover": {
                    "city": "KHI",
                    "duration": "3 h 5 m"
                }
            }
        ],
        "returnSegments": [],
        "returnFlight": null,
        "isRoundTrip": false,
        "returnStops": 0,
        "returnDuration": "",
        "airlineName": "Emirates",
        "display_currency": "USD",
        "revalidated": true
    }
}
{
    "timestamp": "2026-06-10T16:20:40+02:00",
    "revalidate_request": {
        "csrf_token": "c0613c0a0e1fcd7a637d048356233857e8d05328d985f05ac3b2d446b5d1aeb0",
        "booking_hash": "d72e32f61d9798c7",
        "old_price": "220",
        "currency": "USD"
    }
}
{
    "timestamp": "2026-06-10T16:20:40+02:00",
    "revalidate_request": {
        "csrf_token": "c0613c0a0e1fcd7a637d048356233857e8d05328d985f05ac3b2d446b5d1aeb0",
        "booking_hash": "d72e32f61d9798c7",
        "old_price": "220",
        "currency": "USD"
    }
}
{
    "timestamp": "2026-06-10T16:23:10+02:00",
    "flightData": {
        "img": "EK",
        "flight_no": "600",
        "airline": "Emirates",
        "class": "economy",
        "baggage": "25  Kg ",
        "cabin_baggage": "7 kg",
        "departure_airport": "Dubai International Airport",
        "departure_time": "07:40 am",
        "departure_date": "26-06-2026",
        "departure_code": "DXB",
        "arrival_airport": "Alama Iqbal International Airport",
        "arrival_date": "26-06-2026",
        "arrival_time": "03:45 pm",
        "arrival_code": "LHE",
        "duration_time": "02:05",
        "total_duration": "07:05",
        "currency": "USD",
        "actual_price": "220.00",
        "price": "226.60",
        "adult_price": "226.60",
        "child_price": "0.00",
        "infant_price": "0.00",
        "actual_adult_price": "220.00",
        "actual_child_price": "0.00",
        "actual_infant_price": "0.00",
        "options": "packages data in array",
        "booking_data": {
            "flight": {
                "price": 220,
                "tax": 91.1700000000000017053025658242404460906982421875,
                "refundable_info": "NON-REFUNDABLE",
                "fare_key": null,
                "fare_brand": null,
                "price_breakdowns": {
                    "ADT": {
                        "total": 220,
                        "price": 128.82999999999998408384271897375583648681640625,
                        "label": "Adult",
                        "tax": 91.1700000000000017053025658242404460906982421875
                    }
                },
                "search_id": "OneWay|23|DXB|2026-06-26|EK|600|2026-06-26|KHI_KHI|2026-06-26|PK|304|2026-06-26|LHE",
                "trip_id": "DXB|2026-06-26|EK|07:40|10:45|2026-06-26|KHI|25 kg_KHI|2026-06-26|PK|14:00|15:45|2026-06-26|LHE|25 kg_LLEOPAE1:LLEOPAE1",
                "can_hold": true,
                "instant_issue": true,
                "from_cache": false,
                "src": "NT",
                "total_pax_no_inf": 1,
                "search_query": "{\"trips\":[{\"from\":\"DXB\",\"to\":\"LHE\",\"date\":\"2026\/06\/26\"}],\"adt\":1,\"chd\":0,\"inf\":0,\"options\":{\"direct\":false,\"cabin\":\"1\",\"multiCity\":false,\"cur\":\"USD\",\"lang\":\"en\",\"office\":\"PHPTRAVELS-TEST\",\"airline\":\"\"}}",
                "cache_time": 1781111994125,
                "search_time": 1781111989766,
                "result_time": 1781111994125,
                "can_void": false,
                "can_refund": false,
                "can_exchange": false,
                "legs": [
                    {
                        "duration": 425,
                        "bags": {
                            "unit": "kg",
                            "value": 25,
                            "ADT": {
                                "cabin": {
                                    "desc": "7 kg"
                                },
                                "checked": {
                                    "desc": "25  Kg"
                                }
                            },
                            "CHD": {
                                "cabin": {
                                    "desc": "7 kg"
                                },
                                "checked": {
                                    "desc": "1 pc x 25KG"
                                }
                            },
                            "INF": {
                                "cabin": {
                                    "desc": "7 kg"
                                },
                                "checked": {
                                    "desc": "10 KG"
                                }
                            }
                        },
                        "segments": [
                            {
                                "cabin": "Y",
                                "cabin_name": "Economy",
                                "farebase": "LLEOPAE1",
                                "seats": 9,
                                "class": "L",
                                "from": {
                                    "date": "2026\/06\/26 07:40",
                                    "airport": "DXB",
                                    "city": "Dubai",
                                    "country": "United Arab Emirates",
                                    "country_iso": "AE",
                                    "terminal": "3",
                                    "airport_name": "Dubai International Airport"
                                },
                                "to": {
                                    "date": "2026\/06\/26 10:45",
                                    "airport": "KHI",
                                    "city": "Karachi",
                                    "country": "Pakistan",
                                    "country_iso": "PK",
                                    "terminal": " ",
                                    "airport_name": "Jinnah International Airport"
                                },
                                "equipment": "77W",
                                "equipment_name": "77W",
                                "flightnumber": "600",
                                "operating": "",
                                "iata": "EK",
                                "airline_name": "Emirates",
                                "duration": 125
                            },
                            {
                                "cabin": "Y",
                                "cabin_name": "Economy",
                                "farebase": "LLEOPAE1",
                                "seats": 9,
                                "class": "I",
                                "from": {
                                    "date": "2026\/06\/26 14:00",
                                    "airport": "KHI",
                                    "city": "Karachi",
                                    "country": "Pakistan",
                                    "country_iso": "PK",
                                    "terminal": " ",
                                    "airport_name": "Jinnah International Airport"
                                },
                                "to": {
                                    "date": "2026\/06\/26 15:45",
                                    "airport": "LHE",
                                    "city": "Lahore",
                                    "country": "Pakistan",
                                    "country_iso": "PK",
                                    "terminal": " ",
                                    "airport_name": "Alama Iqbal International Airport"
                                },
                                "equipment": "320",
                                "equipment_name": "320",
                                "flightnumber": "304",
                                "operating": "",
                                "iata": "PK",
                                "airline_name": "Pakistan International Airlines",
                                "duration": 105
                            }
                        ],
                        "from": {
                            "date": "2026\/06\/26 07:40",
                            "airport": "DXB",
                            "city": "Dubai",
                            "country": "United Arab Emirates",
                            "country_iso": "AE",
                            "terminal": "3",
                            "airport_name": "Dubai International Airport"
                        },
                        "to": {
                            "date": "2026\/06\/26 15:45",
                            "airport": "LHE",
                            "city": "Lahore",
                            "country": "Pakistan",
                            "country_iso": "PK",
                            "terminal": " ",
                            "airport_name": "Alama Iqbal International Airport"
                        },
                        "cabin": "Y",
                        "seats": 9,
                        "iata": [
                            "EK",
                            "PK"
                        ],
                        "stops": [
                            "KHI"
                        ],
                        "stop_over": [
                            195
                        ],
                        "cabin_name": "Economy"
                    }
                ],
                "id": "2561202d1a99a08add5201c51d9cbb90",
                "currency": "USD"
            },
            "currency": "USD",
            "amount": 226.599999999999994315658113919198513031005859375,
            "actual_amount": 220
        },
        "redirect_url": "",
        "refundable": 0,
        "supplier": "seeru",
        "type": "oneway",
        "layover": {
            "city": "KHI",
            "duration": "3 h 5 m"
        },
        "stops": 1,
        "segments": [
            {
                "img": "EK",
                "flight_no": "600",
                "airline": "Emirates",
                "class": "economy",
                "baggage": "25  Kg ",
                "cabin_baggage": "7 kg",
                "departure_airport": "Dubai International Airport",
                "departure_time": "07:40 am",
                "departure_date": "26-06-2026",
                "departure_code": "DXB",
                "arrival_airport": "Jinnah International Airport",
                "arrival_date": "26-06-2026",
                "arrival_time": "10:45 am",
                "arrival_code": "KHI",
                "duration_time": "02:05",
                "total_duration": "07:05",
                "currency": "USD",
                "actual_price": "220.00",
                "price": "226.60",
                "adult_price": "226.60",
                "child_price": "0.00",
                "infant_price": "0.00",
                "actual_adult_price": "220.00",
                "actual_child_price": "0.00",
                "actual_infant_price": "0.00",
                "options": "packages data in array",
                "booking_data": {
                    "flight": {
                        "price": 220,
                        "tax": 91.1700000000000017053025658242404460906982421875,
                        "refundable_info": "NON-REFUNDABLE",
                        "fare_key": null,
                        "fare_brand": null,
                        "price_breakdowns": {
                            "ADT": {
                                "total": 220,
                                "price": 128.82999999999998408384271897375583648681640625,
                                "label": "Adult",
                                "tax": 91.1700000000000017053025658242404460906982421875
                            }
                        },
                        "search_id": "OneWay|23|DXB|2026-06-26|EK|600|2026-06-26|KHI_KHI|2026-06-26|PK|304|2026-06-26|LHE",
                        "trip_id": "DXB|2026-06-26|EK|07:40|10:45|2026-06-26|KHI|25 kg_KHI|2026-06-26|PK|14:00|15:45|2026-06-26|LHE|25 kg_LLEOPAE1:LLEOPAE1",
                        "can_hold": true,
                        "instant_issue": true,
                        "from_cache": false,
                        "src": "NT",
                        "total_pax_no_inf": 1,
                        "search_query": "{\"trips\":[{\"from\":\"DXB\",\"to\":\"LHE\",\"date\":\"2026\/06\/26\"}],\"adt\":1,\"chd\":0,\"inf\":0,\"options\":{\"direct\":false,\"cabin\":\"1\",\"multiCity\":false,\"cur\":\"USD\",\"lang\":\"en\",\"office\":\"PHPTRAVELS-TEST\",\"airline\":\"\"}}",
                        "cache_time": 1781111994125,
                        "search_time": 1781111989766,
                        "result_time": 1781111994125,
                        "can_void": false,
                        "can_refund": false,
                        "can_exchange": false,
                        "legs": [
                            {
                                "duration": 425,
                                "bags": {
                                    "unit": "kg",
                                    "value": 25,
                                    "ADT": {
                                        "cabin": {
                                            "desc": "7 kg"
                                        },
                                        "checked": {
                                            "desc": "25  Kg"
                                        }
                                    },
                                    "CHD": {
                                        "cabin": {
                                            "desc": "7 kg"
                                        },
                                        "checked": {
                                            "desc": "1 pc x 25KG"
                                        }
                                    },
                                    "INF": {
                                        "cabin": {
                                            "desc": "7 kg"
                                        },
                                        "checked": {
                                            "desc": "10 KG"
                                        }
                                    }
                                },
                                "segments": [
                                    {
                                        "cabin": "Y",
                                        "cabin_name": "Economy",
                                        "farebase": "LLEOPAE1",
                                        "seats": 9,
                                        "class": "L",
                                        "from": {
                                            "date": "2026\/06\/26 07:40",
                                            "airport": "DXB",
                                            "city": "Dubai",
                                            "country": "United Arab Emirates",
                                            "country_iso": "AE",
                                            "terminal": "3",
                                            "airport_name": "Dubai International Airport"
                                        },
                                        "to": {
                                            "date": "2026\/06\/26 10:45",
                                            "airport": "KHI",
                                            "city": "Karachi",
                                            "country": "Pakistan",
                                            "country_iso": "PK",
                                            "terminal": " ",
                                            "airport_name": "Jinnah International Airport"
                                        },
                                        "equipment": "77W",
                                        "equipment_name": "77W",
                                        "flightnumber": "600",
                                        "operating": "",
                                        "iata": "EK",
                                        "airline_name": "Emirates",
                                        "duration": 125
                                    },
                                    {
                                        "cabin": "Y",
                                        "cabin_name": "Economy",
                                        "farebase": "LLEOPAE1",
                                        "seats": 9,
                                        "class": "I",
                                        "from": {
                                            "date": "2026\/06\/26 14:00",
                                            "airport": "KHI",
                                            "city": "Karachi",
                                            "country": "Pakistan",
                                            "country_iso": "PK",
                                            "terminal": " ",
                                            "airport_name": "Jinnah International Airport"
                                        },
                                        "to": {
                                            "date": "2026\/06\/26 15:45",
                                            "airport": "LHE",
                                            "city": "Lahore",
                                            "country": "Pakistan",
                                            "country_iso": "PK",
                                            "terminal": " ",
                                            "airport_name": "Alama Iqbal International Airport"
                                        },
                                        "equipment": "320",
                                        "equipment_name": "320",
                                        "flightnumber": "304",
                                        "operating": "",
                                        "iata": "PK",
                                        "airline_name": "Pakistan International Airlines",
                                        "duration": 105
                                    }
                                ],
                                "from": {
                                    "date": "2026\/06\/26 07:40",
                                    "airport": "DXB",
                                    "city": "Dubai",
                                    "country": "United Arab Emirates",
                                    "country_iso": "AE",
                                    "terminal": "3",
                                    "airport_name": "Dubai International Airport"
                                },
                                "to": {
                                    "date": "2026\/06\/26 15:45",
                                    "airport": "LHE",
                                    "city": "Lahore",
                                    "country": "Pakistan",
                                    "country_iso": "PK",
                                    "terminal": " ",
                                    "airport_name": "Alama Iqbal International Airport"
                                },
                                "cabin": "Y",
                                "seats": 9,
                                "iata": [
                                    "EK",
                                    "PK"
                                ],
                                "stops": [
                                    "KHI"
                                ],
                                "stop_over": [
                                    195
                                ],
                                "cabin_name": "Economy"
                            }
                        ],
                        "id": "2561202d1a99a08add5201c51d9cbb90",
                        "currency": "USD"
                    },
                    "currency": "USD",
                    "amount": 226.599999999999994315658113919198513031005859375,
                    "actual_amount": 220
                },
                "redirect_url": "",
                "refundable": 0,
                "supplier": "seeru",
                "type": "oneway",
                "layover": {
                    "city": "KHI",
                    "duration": "3 h 5 m"
                }
            },
            {
                "img": "PK",
                "flight_no": "304",
                "airline": "AST Pakistan Airways",
                "class": "economy",
                "baggage": "25  Kg ",
                "cabin_baggage": "7 kg",
                "departure_airport": "Jinnah International Airport",
                "departure_time": "02:00 pm",
                "departure_date": "26-06-2026",
                "departure_code": "KHI",
                "arrival_airport": "Alama Iqbal International Airport",
                "arrival_date": "26-06-2026",
                "arrival_time": "03:45 pm",
                "arrival_code": "LHE",
                "duration_time": "01:45",
                "total_duration": "07:05",
                "currency": "USD",
                "actual_price": "220.00",
                "price": "226.60",
                "adult_price": "226.60",
                "child_price": "0.00",
                "infant_price": "0.00",
                "actual_adult_price": "220.00",
                "actual_child_price": "0.00",
                "actual_infant_price": "0.00",
                "options": "packages data in array",
                "booking_data": {
                    "flight": {
                        "price": 220,
                        "tax": 91.1700000000000017053025658242404460906982421875,
                        "refundable_info": "NON-REFUNDABLE",
                        "fare_key": null,
                        "fare_brand": null,
                        "price_breakdowns": {
                            "ADT": {
                                "total": 220,
                                "price": 128.82999999999998408384271897375583648681640625,
                                "label": "Adult",
                                "tax": 91.1700000000000017053025658242404460906982421875
                            }
                        },
                        "search_id": "OneWay|23|DXB|2026-06-26|EK|600|2026-06-26|KHI_KHI|2026-06-26|PK|304|2026-06-26|LHE",
                        "trip_id": "DXB|2026-06-26|EK|07:40|10:45|2026-06-26|KHI|25 kg_KHI|2026-06-26|PK|14:00|15:45|2026-06-26|LHE|25 kg_LLEOPAE1:LLEOPAE1",
                        "can_hold": true,
                        "instant_issue": true,
                        "from_cache": false,
                        "src": "NT",
                        "total_pax_no_inf": 1,
                        "search_query": "{\"trips\":[{\"from\":\"DXB\",\"to\":\"LHE\",\"date\":\"2026\/06\/26\"}],\"adt\":1,\"chd\":0,\"inf\":0,\"options\":{\"direct\":false,\"cabin\":\"1\",\"multiCity\":false,\"cur\":\"USD\",\"lang\":\"en\",\"office\":\"PHPTRAVELS-TEST\",\"airline\":\"\"}}",
                        "cache_time": 1781111994125,
                        "search_time": 1781111989766,
                        "result_time": 1781111994125,
                        "can_void": false,
                        "can_refund": false,
                        "can_exchange": false,
                        "legs": [
                            {
                                "duration": 425,
                                "bags": {
                                    "unit": "kg",
                                    "value": 25,
                                    "ADT": {
                                        "cabin": {
                                            "desc": "7 kg"
                                        },
                                        "checked": {
                                            "desc": "25  Kg"
                                        }
                                    },
                                    "CHD": {
                                        "cabin": {
                                            "desc": "7 kg"
                                        },
                                        "checked": {
                                            "desc": "1 pc x 25KG"
                                        }
                                    },
                                    "INF": {
                                        "cabin": {
                                            "desc": "7 kg"
                                        },
                                        "checked": {
                                            "desc": "10 KG"
                                        }
                                    }
                                },
                                "segments": [
                                    {
                                        "cabin": "Y",
                                        "cabin_name": "Economy",
                                        "farebase": "LLEOPAE1",
                                        "seats": 9,
                                        "class": "L",
                                        "from": {
                                            "date": "2026\/06\/26 07:40",
                                            "airport": "DXB",
                                            "city": "Dubai",
                                            "country": "United Arab Emirates",
                                            "country_iso": "AE",
                                            "terminal": "3",
                                            "airport_name": "Dubai International Airport"
                                        },
                                        "to": {
                                            "date": "2026\/06\/26 10:45",
                                            "airport": "KHI",
                                            "city": "Karachi",
                                            "country": "Pakistan",
                                            "country_iso": "PK",
                                            "terminal": " ",
                                            "airport_name": "Jinnah International Airport"
                                        },
                                        "equipment": "77W",
                                        "equipment_name": "77W",
                                        "flightnumber": "600",
                                        "operating": "",
                                        "iata": "EK",
                                        "airline_name": "Emirates",
                                        "duration": 125
                                    },
                                    {
                                        "cabin": "Y",
                                        "cabin_name": "Economy",
                                        "farebase": "LLEOPAE1",
                                        "seats": 9,
                                        "class": "I",
                                        "from": {
                                            "date": "2026\/06\/26 14:00",
                                            "airport": "KHI",
                                            "city": "Karachi",
                                            "country": "Pakistan",
                                            "country_iso": "PK",
                                            "terminal": " ",
                                            "airport_name": "Jinnah International Airport"
                                        },
                                        "to": {
                                            "date": "2026\/06\/26 15:45",
                                            "airport": "LHE",
                                            "city": "Lahore",
                                            "country": "Pakistan",
                                            "country_iso": "PK",
                                            "terminal": " ",
                                            "airport_name": "Alama Iqbal International Airport"
                                        },
                                        "equipment": "320",
                                        "equipment_name": "320",
                                        "flightnumber": "304",
                                        "operating": "",
                                        "iata": "PK",
                                        "airline_name": "Pakistan International Airlines",
                                        "duration": 105
                                    }
                                ],
                                "from": {
                                    "date": "2026\/06\/26 07:40",
                                    "airport": "DXB",
                                    "city": "Dubai",
                                    "country": "United Arab Emirates",
                                    "country_iso": "AE",
                                    "terminal": "3",
                                    "airport_name": "Dubai International Airport"
                                },
                                "to": {
                                    "date": "2026\/06\/26 15:45",
                                    "airport": "LHE",
                                    "city": "Lahore",
                                    "country": "Pakistan",
                                    "country_iso": "PK",
                                    "terminal": " ",
                                    "airport_name": "Alama Iqbal International Airport"
                                },
                                "cabin": "Y",
                                "seats": 9,
                                "iata": [
                                    "EK",
                                    "PK"
                                ],
                                "stops": [
                                    "KHI"
                                ],
                                "stop_over": [
                                    195
                                ],
                                "cabin_name": "Economy"
                            }
                        ],
                        "id": "2561202d1a99a08add5201c51d9cbb90",
                        "currency": "USD"
                    },
                    "currency": "USD",
                    "amount": 226.599999999999994315658113919198513031005859375,
                    "actual_amount": 220
                },
                "redirect_url": "",
                "refundable": 0,
                "supplier": "seeru",
                "type": "oneway",
                "layover": {
                    "city": "KHI",
                    "duration": "3 h 5 m"
                }
            }
        ],
        "returnSegments": [],
        "returnFlight": null,
        "isRoundTrip": false,
        "returnStops": 0,
        "returnDuration": "",
        "airlineName": "Emirates",
        "display_currency": "USD"
    }
}
{
    "timestamp": "2026-06-10T16:23:10+02:00",
    "revalidate_request": {
        "csrf_token": "c0613c0a0e1fcd7a637d048356233857e8d05328d985f05ac3b2d446b5d1aeb0",
        "booking_hash": "6b34e65f7137c357",
        "old_price": "220",
        "currency": "USD"
    }
}
{
    "timestamp": "2026-06-10T16:23:10+02:00",
    "revalidate_request": {
        "csrf_token": "c0613c0a0e1fcd7a637d048356233857e8d05328d985f05ac3b2d446b5d1aeb0",
        "booking_hash": "6b34e65f7137c357",
        "old_price": "220",
        "currency": "USD"
    }
}
{
    "timestamp": "2026-06-10T16:23:21+02:00",
    "flightData": {
        "img": "EK",
        "flight_no": "600",
        "airline": "Emirates",
        "class": "economy",
        "baggage": "25  Kg ",
        "cabin_baggage": "7 kg",
        "departure_airport": "Dubai International Airport",
        "departure_time": "07:40 am",
        "departure_date": "26-06-2026",
        "departure_code": "DXB",
        "arrival_airport": "Alama Iqbal International Airport",
        "arrival_date": "26-06-2026",
        "arrival_time": "03:45 pm",
        "arrival_code": "LHE",
        "duration_time": "02:05",
        "total_duration": "07:05",
        "currency": "USD",
        "actual_price": "220.00",
        "price": "226.60",
        "adult_price": "226.60",
        "child_price": "0.00",
        "infant_price": "0.00",
        "actual_adult_price": "220.00",
        "actual_child_price": "0.00",
        "actual_infant_price": "0.00",
        "options": "packages data in array",
        "booking_data": {
            "flight": {
                "price": 220,
                "tax": 91.1700000000000017053025658242404460906982421875,
                "refundable_info": "NON-REFUNDABLE",
                "fare_key": null,
                "fare_brand": null,
                "price_breakdowns": {
                    "ADT": {
                        "total": 220,
                        "price": 128.82999999999998408384271897375583648681640625,
                        "label": "Adult",
                        "tax": 91.1700000000000017053025658242404460906982421875
                    }
                },
                "search_id": "OneWay|23|DXB|2026-06-26|EK|600|2026-06-26|KHI_KHI|2026-06-26|PK|304|2026-06-26|LHE",
                "trip_id": "DXB|2026-06-26|EK|07:40|10:45|2026-06-26|KHI|25 kg_KHI|2026-06-26|PK|14:00|15:45|2026-06-26|LHE|25 kg_LLEOPAE1:LLEOPAE1",
                "can_hold": true,
                "instant_issue": true,
                "from_cache": false,
                "src": "NT",
                "total_pax_no_inf": 1,
                "search_query": "{\"trips\":[{\"from\":\"DXB\",\"to\":\"LHE\",\"date\":\"2026\/06\/26\"}],\"adt\":1,\"chd\":0,\"inf\":0,\"options\":{\"direct\":false,\"cabin\":\"1\",\"multiCity\":false,\"cur\":\"USD\",\"lang\":\"en\",\"office\":\"PHPTRAVELS-TEST\",\"airline\":\"\"}}",
                "cache_time": 1781111994125,
                "search_time": 1781111989766,
                "result_time": 1781111994125,
                "can_void": false,
                "can_refund": false,
                "can_exchange": false,
                "legs": [
                    {
                        "duration": 425,
                        "bags": {
                            "unit": "kg",
                            "value": 25,
                            "ADT": {
                                "cabin": {
                                    "desc": "7 kg"
                                },
                                "checked": {
                                    "desc": "25  Kg"
                                }
                            },
                            "CHD": {
                                "cabin": {
                                    "desc": "7 kg"
                                },
                                "checked": {
                                    "desc": "1 pc x 25KG"
                                }
                            },
                            "INF": {
                                "cabin": {
                                    "desc": "7 kg"
                                },
                                "checked": {
                                    "desc": "10 KG"
                                }
                            }
                        },
                        "segments": [
                            {
                                "cabin": "Y",
                                "cabin_name": "Economy",
                                "farebase": "LLEOPAE1",
                                "seats": 9,
                                "class": "L",
                                "from": {
                                    "date": "2026\/06\/26 07:40",
                                    "airport": "DXB",
                                    "city": "Dubai",
                                    "country": "United Arab Emirates",
                                    "country_iso": "AE",
                                    "terminal": "3",
                                    "airport_name": "Dubai International Airport"
                                },
                                "to": {
                                    "date": "2026\/06\/26 10:45",
                                    "airport": "KHI",
                                    "city": "Karachi",
                                    "country": "Pakistan",
                                    "country_iso": "PK",
                                    "terminal": " ",
                                    "airport_name": "Jinnah International Airport"
                                },
                                "equipment": "77W",
                                "equipment_name": "77W",
                                "flightnumber": "600",
                                "operating": "",
                                "iata": "EK",
                                "airline_name": "Emirates",
                                "duration": 125
                            },
                            {
                                "cabin": "Y",
                                "cabin_name": "Economy",
                                "farebase": "LLEOPAE1",
                                "seats": 9,
                                "class": "I",
                                "from": {
                                    "date": "2026\/06\/26 14:00",
                                    "airport": "KHI",
                                    "city": "Karachi",
                                    "country": "Pakistan",
                                    "country_iso": "PK",
                                    "terminal": " ",
                                    "airport_name": "Jinnah International Airport"
                                },
                                "to": {
                                    "date": "2026\/06\/26 15:45",
                                    "airport": "LHE",
                                    "city": "Lahore",
                                    "country": "Pakistan",
                                    "country_iso": "PK",
                                    "terminal": " ",
                                    "airport_name": "Alama Iqbal International Airport"
                                },
                                "equipment": "320",
                                "equipment_name": "320",
                                "flightnumber": "304",
                                "operating": "",
                                "iata": "PK",
                                "airline_name": "Pakistan International Airlines",
                                "duration": 105
                            }
                        ],
                        "from": {
                            "date": "2026\/06\/26 07:40",
                            "airport": "DXB",
                            "city": "Dubai",
                            "country": "United Arab Emirates",
                            "country_iso": "AE",
                            "terminal": "3",
                            "airport_name": "Dubai International Airport"
                        },
                        "to": {
                            "date": "2026\/06\/26 15:45",
                            "airport": "LHE",
                            "city": "Lahore",
                            "country": "Pakistan",
                            "country_iso": "PK",
                            "terminal": " ",
                            "airport_name": "Alama Iqbal International Airport"
                        },
                        "cabin": "Y",
                        "seats": 9,
                        "iata": [
                            "EK",
                            "PK"
                        ],
                        "stops": [
                            "KHI"
                        ],
                        "stop_over": [
                            195
                        ],
                        "cabin_name": "Economy"
                    }
                ],
                "id": "2561202d1a99a08add5201c51d9cbb90",
                "currency": "USD"
            },
            "currency": "USD",
            "amount": 226.599999999999994315658113919198513031005859375,
            "actual_amount": 220,
            "revalidated_at": "2026-06-10T16:23:10+02:00"
        },
        "redirect_url": "",
        "refundable": 0,
        "supplier": "seeru",
        "type": "oneway",
        "layover": {
            "city": "KHI",
            "duration": "3 h 5 m"
        },
        "stops": 1,
        "segments": [
            {
                "img": "EK",
                "flight_no": "600",
                "airline": "Emirates",
                "class": "economy",
                "baggage": "25  Kg ",
                "cabin_baggage": "7 kg",
                "departure_airport": "Dubai International Airport",
                "departure_time": "07:40 am",
                "departure_date": "26-06-2026",
                "departure_code": "DXB",
                "arrival_airport": "Jinnah International Airport",
                "arrival_date": "26-06-2026",
                "arrival_time": "10:45 am",
                "arrival_code": "KHI",
                "duration_time": "02:05",
                "total_duration": "07:05",
                "currency": "USD",
                "actual_price": "220.00",
                "price": "226.60",
                "adult_price": "226.60",
                "child_price": "0.00",
                "infant_price": "0.00",
                "actual_adult_price": "220.00",
                "actual_child_price": "0.00",
                "actual_infant_price": "0.00",
                "options": "packages data in array",
                "booking_data": {
                    "flight": {
                        "price": 220,
                        "tax": 91.1700000000000017053025658242404460906982421875,
                        "refundable_info": "NON-REFUNDABLE",
                        "fare_key": null,
                        "fare_brand": null,
                        "price_breakdowns": {
                            "ADT": {
                                "total": 220,
                                "price": 128.82999999999998408384271897375583648681640625,
                                "label": "Adult",
                                "tax": 91.1700000000000017053025658242404460906982421875
                            }
                        },
                        "search_id": "OneWay|23|DXB|2026-06-26|EK|600|2026-06-26|KHI_KHI|2026-06-26|PK|304|2026-06-26|LHE",
                        "trip_id": "DXB|2026-06-26|EK|07:40|10:45|2026-06-26|KHI|25 kg_KHI|2026-06-26|PK|14:00|15:45|2026-06-26|LHE|25 kg_LLEOPAE1:LLEOPAE1",
                        "can_hold": true,
                        "instant_issue": true,
                        "from_cache": false,
                        "src": "NT",
                        "total_pax_no_inf": 1,
                        "search_query": "{\"trips\":[{\"from\":\"DXB\",\"to\":\"LHE\",\"date\":\"2026\/06\/26\"}],\"adt\":1,\"chd\":0,\"inf\":0,\"options\":{\"direct\":false,\"cabin\":\"1\",\"multiCity\":false,\"cur\":\"USD\",\"lang\":\"en\",\"office\":\"PHPTRAVELS-TEST\",\"airline\":\"\"}}",
                        "cache_time": 1781111994125,
                        "search_time": 1781111989766,
                        "result_time": 1781111994125,
                        "can_void": false,
                        "can_refund": false,
                        "can_exchange": false,
                        "legs": [
                            {
                                "duration": 425,
                                "bags": {
                                    "unit": "kg",
                                    "value": 25,
                                    "ADT": {
                                        "cabin": {
                                            "desc": "7 kg"
                                        },
                                        "checked": {
                                            "desc": "25  Kg"
                                        }
                                    },
                                    "CHD": {
                                        "cabin": {
                                            "desc": "7 kg"
                                        },
                                        "checked": {
                                            "desc": "1 pc x 25KG"
                                        }
                                    },
                                    "INF": {
                                        "cabin": {
                                            "desc": "7 kg"
                                        },
                                        "checked": {
                                            "desc": "10 KG"
                                        }
                                    }
                                },
                                "segments": [
                                    {
                                        "cabin": "Y",
                                        "cabin_name": "Economy",
                                        "farebase": "LLEOPAE1",
                                        "seats": 9,
                                        "class": "L",
                                        "from": {
                                            "date": "2026\/06\/26 07:40",
                                            "airport": "DXB",
                                            "city": "Dubai",
                                            "country": "United Arab Emirates",
                                            "country_iso": "AE",
                                            "terminal": "3",
                                            "airport_name": "Dubai International Airport"
                                        },
                                        "to": {
                                            "date": "2026\/06\/26 10:45",
                                            "airport": "KHI",
                                            "city": "Karachi",
                                            "country": "Pakistan",
                                            "country_iso": "PK",
                                            "terminal": " ",
                                            "airport_name": "Jinnah International Airport"
                                        },
                                        "equipment": "77W",
                                        "equipment_name": "77W",
                                        "flightnumber": "600",
                                        "operating": "",
                                        "iata": "EK",
                                        "airline_name": "Emirates",
                                        "duration": 125
                                    },
                                    {
                                        "cabin": "Y",
                                        "cabin_name": "Economy",
                                        "farebase": "LLEOPAE1",
                                        "seats": 9,
                                        "class": "I",
                                        "from": {
                                            "date": "2026\/06\/26 14:00",
                                            "airport": "KHI",
                                            "city": "Karachi",
                                            "country": "Pakistan",
                                            "country_iso": "PK",
                                            "terminal": " ",
                                            "airport_name": "Jinnah International Airport"
                                        },
                                        "to": {
                                            "date": "2026\/06\/26 15:45",
                                            "airport": "LHE",
                                            "city": "Lahore",
                                            "country": "Pakistan",
                                            "country_iso": "PK",
                                            "terminal": " ",
                                            "airport_name": "Alama Iqbal International Airport"
                                        },
                                        "equipment": "320",
                                        "equipment_name": "320",
                                        "flightnumber": "304",
                                        "operating": "",
                                        "iata": "PK",
                                        "airline_name": "Pakistan International Airlines",
                                        "duration": 105
                                    }
                                ],
                                "from": {
                                    "date": "2026\/06\/26 07:40",
                                    "airport": "DXB",
                                    "city": "Dubai",
                                    "country": "United Arab Emirates",
                                    "country_iso": "AE",
                                    "terminal": "3",
                                    "airport_name": "Dubai International Airport"
                                },
                                "to": {
                                    "date": "2026\/06\/26 15:45",
                                    "airport": "LHE",
                                    "city": "Lahore",
                                    "country": "Pakistan",
                                    "country_iso": "PK",
                                    "terminal": " ",
                                    "airport_name": "Alama Iqbal International Airport"
                                },
                                "cabin": "Y",
                                "seats": 9,
                                "iata": [
                                    "EK",
                                    "PK"
                                ],
                                "stops": [
                                    "KHI"
                                ],
                                "stop_over": [
                                    195
                                ],
                                "cabin_name": "Economy"
                            }
                        ],
                        "id": "2561202d1a99a08add5201c51d9cbb90",
                        "currency": "USD"
                    },
                    "currency": "USD",
                    "amount": 226.599999999999994315658113919198513031005859375,
                    "actual_amount": 220
                },
                "redirect_url": "",
                "refundable": 0,
                "supplier": "seeru",
                "type": "oneway",
                "layover": {
                    "city": "KHI",
                    "duration": "3 h 5 m"
                }
            },
            {
                "img": "PK",
                "flight_no": "304",
                "airline": "AST Pakistan Airways",
                "class": "economy",
                "baggage": "25  Kg ",
                "cabin_baggage": "7 kg",
                "departure_airport": "Jinnah International Airport",
                "departure_time": "02:00 pm",
                "departure_date": "26-06-2026",
                "departure_code": "KHI",
                "arrival_airport": "Alama Iqbal International Airport",
                "arrival_date": "26-06-2026",
                "arrival_time": "03:45 pm",
                "arrival_code": "LHE",
                "duration_time": "01:45",
                "total_duration": "07:05",
                "currency": "USD",
                "actual_price": "220.00",
                "price": "226.60",
                "adult_price": "226.60",
                "child_price": "0.00",
                "infant_price": "0.00",
                "actual_adult_price": "220.00",
                "actual_child_price": "0.00",
                "actual_infant_price": "0.00",
                "options": "packages data in array",
                "booking_data": {
                    "flight": {
                        "price": 220,
                        "tax": 91.1700000000000017053025658242404460906982421875,
                        "refundable_info": "NON-REFUNDABLE",
                        "fare_key": null,
                        "fare_brand": null,
                        "price_breakdowns": {
                            "ADT": {
                                "total": 220,
                                "price": 128.82999999999998408384271897375583648681640625,
                                "label": "Adult",
                                "tax": 91.1700000000000017053025658242404460906982421875
                            }
                        },
                        "search_id": "OneWay|23|DXB|2026-06-26|EK|600|2026-06-26|KHI_KHI|2026-06-26|PK|304|2026-06-26|LHE",
                        "trip_id": "DXB|2026-06-26|EK|07:40|10:45|2026-06-26|KHI|25 kg_KHI|2026-06-26|PK|14:00|15:45|2026-06-26|LHE|25 kg_LLEOPAE1:LLEOPAE1",
                        "can_hold": true,
                        "instant_issue": true,
                        "from_cache": false,
                        "src": "NT",
                        "total_pax_no_inf": 1,
                        "search_query": "{\"trips\":[{\"from\":\"DXB\",\"to\":\"LHE\",\"date\":\"2026\/06\/26\"}],\"adt\":1,\"chd\":0,\"inf\":0,\"options\":{\"direct\":false,\"cabin\":\"1\",\"multiCity\":false,\"cur\":\"USD\",\"lang\":\"en\",\"office\":\"PHPTRAVELS-TEST\",\"airline\":\"\"}}",
                        "cache_time": 1781111994125,
                        "search_time": 1781111989766,
                        "result_time": 1781111994125,
                        "can_void": false,
                        "can_refund": false,
                        "can_exchange": false,
                        "legs": [
                            {
                                "duration": 425,
                                "bags": {
                                    "unit": "kg",
                                    "value": 25,
                                    "ADT": {
                                        "cabin": {
                                            "desc": "7 kg"
                                        },
                                        "checked": {
                                            "desc": "25  Kg"
                                        }
                                    },
                                    "CHD": {
                                        "cabin": {
                                            "desc": "7 kg"
                                        },
                                        "checked": {
                                            "desc": "1 pc x 25KG"
                                        }
                                    },
                                    "INF": {
                                        "cabin": {
                                            "desc": "7 kg"
                                        },
                                        "checked": {
                                            "desc": "10 KG"
                                        }
                                    }
                                },
                                "segments": [
                                    {
                                        "cabin": "Y",
                                        "cabin_name": "Economy",
                                        "farebase": "LLEOPAE1",
                                        "seats": 9,
                                        "class": "L",
                                        "from": {
                                            "date": "2026\/06\/26 07:40",
                                            "airport": "DXB",
                                            "city": "Dubai",
                                            "country": "United Arab Emirates",
                                            "country_iso": "AE",
                                            "terminal": "3",
                                            "airport_name": "Dubai International Airport"
                                        },
                                        "to": {
                                            "date": "2026\/06\/26 10:45",
                                            "airport": "KHI",
                                            "city": "Karachi",
                                            "country": "Pakistan",
                                            "country_iso": "PK",
                                            "terminal": " ",
                                            "airport_name": "Jinnah International Airport"
                                        },
                                        "equipment": "77W",
                                        "equipment_name": "77W",
                                        "flightnumber": "600",
                                        "operating": "",
                                        "iata": "EK",
                                        "airline_name": "Emirates",
                                        "duration": 125
                                    },
                                    {
                                        "cabin": "Y",
                                        "cabin_name": "Economy",
                                        "farebase": "LLEOPAE1",
                                        "seats": 9,
                                        "class": "I",
                                        "from": {
                                            "date": "2026\/06\/26 14:00",
                                            "airport": "KHI",
                                            "city": "Karachi",
                                            "country": "Pakistan",
                                            "country_iso": "PK",
                                            "terminal": " ",
                                            "airport_name": "Jinnah International Airport"
                                        },
                                        "to": {
                                            "date": "2026\/06\/26 15:45",
                                            "airport": "LHE",
                                            "city": "Lahore",
                                            "country": "Pakistan",
                                            "country_iso": "PK",
                                            "terminal": " ",
                                            "airport_name": "Alama Iqbal International Airport"
                                        },
                                        "equipment": "320",
                                        "equipment_name": "320",
                                        "flightnumber": "304",
                                        "operating": "",
                                        "iata": "PK",
                                        "airline_name": "Pakistan International Airlines",
                                        "duration": 105
                                    }
                                ],
                                "from": {
                                    "date": "2026\/06\/26 07:40",
                                    "airport": "DXB",
                                    "city": "Dubai",
                                    "country": "United Arab Emirates",
                                    "country_iso": "AE",
                                    "terminal": "3",
                                    "airport_name": "Dubai International Airport"
                                },
                                "to": {
                                    "date": "2026\/06\/26 15:45",
                                    "airport": "LHE",
                                    "city": "Lahore",
                                    "country": "Pakistan",
                                    "country_iso": "PK",
                                    "terminal": " ",
                                    "airport_name": "Alama Iqbal International Airport"
                                },
                                "cabin": "Y",
                                "seats": 9,
                                "iata": [
                                    "EK",
                                    "PK"
                                ],
                                "stops": [
                                    "KHI"
                                ],
                                "stop_over": [
                                    195
                                ],
                                "cabin_name": "Economy"
                            }
                        ],
                        "id": "2561202d1a99a08add5201c51d9cbb90",
                        "currency": "USD"
                    },
                    "currency": "USD",
                    "amount": 226.599999999999994315658113919198513031005859375,
                    "actual_amount": 220
                },
                "redirect_url": "",
                "refundable": 0,
                "supplier": "seeru",
                "type": "oneway",
                "layover": {
                    "city": "KHI",
                    "duration": "3 h 5 m"
                }
            }
        ],
        "returnSegments": [],
        "returnFlight": null,
        "isRoundTrip": false,
        "returnStops": 0,
        "returnDuration": "",
        "airlineName": "Emirates",
        "display_currency": "USD",
        "revalidated": true
    }
}
{
    "timestamp": "2026-06-10T16:23:21+02:00",
    "revalidate_request": {
        "csrf_token": "c0613c0a0e1fcd7a637d048356233857e8d05328d985f05ac3b2d446b5d1aeb0",
        "booking_hash": "6b34e65f7137c357",
        "old_price": "220",
        "currency": "USD"
    }
}
{
    "timestamp": "2026-06-10T16:23:21+02:00",
    "revalidate_request": {
        "csrf_token": "c0613c0a0e1fcd7a637d048356233857e8d05328d985f05ac3b2d446b5d1aeb0",
        "booking_hash": "6b34e65f7137c357",
        "old_price": "220",
        "currency": "USD"
    }
}
{
    "timestamp": "2026-06-10T16:25:53+02:00",
    "flightData": {
        "img": "EK",
        "flight_no": "602",
        "airline": "Emirates",
        "class": "economy",
        "baggage": "25  Kg ",
        "cabin_baggage": "7 kg",
        "departure_airport": "Dubai International Airport",
        "departure_time": "06:00 pm",
        "departure_date": "26-06-2026",
        "departure_code": "DXB",
        "arrival_airport": "Alama Iqbal International Airport",
        "arrival_date": "27-06-2026",
        "arrival_time": "09:45 am",
        "arrival_code": "LHE",
        "duration_time": "02:05",
        "total_duration": "14:45",
        "currency": "USD",
        "actual_price": "220.00",
        "price": "226.60",
        "adult_price": "226.60",
        "child_price": "0.00",
        "infant_price": "0.00",
        "actual_adult_price": "220.00",
        "actual_child_price": "0.00",
        "actual_infant_price": "0.00",
        "options": "packages data in array",
        "booking_data": {
            "flight": {
                "price": 220,
                "tax": 91.1700000000000017053025658242404460906982421875,
                "refundable_info": "NON-REFUNDABLE",
                "fare_key": null,
                "fare_brand": null,
                "price_breakdowns": {
                    "ADT": {
                        "total": 220,
                        "price": 128.82999999999998408384271897375583648681640625,
                        "label": "Adult",
                        "tax": 91.1700000000000017053025658242404460906982421875
                    }
                },
                "search_id": "OneWay|23|DXB|2026-06-26|EK|602|2026-06-26|KHI_KHI|2026-06-27|PK|302|2026-06-27|LHE",
                "trip_id": "DXB|2026-06-26|EK|18:00|21:05|2026-06-26|KHI|25 kg_KHI|2026-06-27|PK|08:00|09:45|2026-06-27|LHE|25 kg_LLEOPAE1:LLEOPAE1",
                "can_hold": true,
                "instant_issue": true,
                "from_cache": false,
                "src": "NT",
                "total_pax_no_inf": 1,
                "search_query": "{\"trips\":[{\"from\":\"DXB\",\"to\":\"LHE\",\"date\":\"2026\/06\/26\"}],\"adt\":1,\"chd\":0,\"inf\":0,\"options\":{\"direct\":false,\"cabin\":\"1\",\"multiCity\":false,\"cur\":\"USD\",\"lang\":\"en\",\"office\":\"PHPTRAVELS-TEST\",\"airline\":\"\"}}",
                "cache_time": 1781111994125,
                "search_time": 1781111989766,
                "result_time": 1781111994125,
                "can_void": false,
                "can_refund": false,
                "can_exchange": false,
                "legs": [
                    {
                        "duration": 885,
                        "bags": {
                            "unit": "kg",
                            "value": 25,
                            "ADT": {
                                "cabin": {
                                    "desc": "7 kg"
                                },
                                "checked": {
                                    "desc": "25  Kg"
                                }
                            },
                            "CHD": {
                                "cabin": {
                                    "desc": "7 kg"
                                },
                                "checked": {
                                    "desc": "1 pc x 25KG"
                                }
                            },
                            "INF": {
                                "cabin": {
                                    "desc": "7 kg"
                                },
                                "checked": {
                                    "desc": "10 KG"
                                }
                            }
                        },
                        "segments": [
                            {
                                "cabin": "Y",
                                "cabin_name": "Economy",
                                "farebase": "LLEOPAE1",
                                "seats": 9,
                                "class": "L",
                                "from": {
                                    "date": "2026\/06\/26 18:00",
                                    "airport": "DXB",
                                    "city": "Dubai",
                                    "country": "United Arab Emirates",
                                    "country_iso": "AE",
                                    "terminal": "3",
                                    "airport_name": "Dubai International Airport"
                                },
                                "to": {
                                    "date": "2026\/06\/26 21:05",
                                    "airport": "KHI",
                                    "city": "Karachi",
                                    "country": "Pakistan",
                                    "country_iso": "PK",
                                    "terminal": " ",
                                    "airport_name": "Jinnah International Airport"
                                },
                                "equipment": "77W",
                                "equipment_name": "77W",
                                "flightnumber": "602",
                                "operating": "",
                                "iata": "EK",
                                "airline_name": "Emirates",
                                "duration": 125
                            },
                            {
                                "cabin": "Y",
                                "cabin_name": "Economy",
                                "farebase": "LLEOPAE1",
                                "seats": 9,
                                "class": "I",
                                "from": {
                                    "date": "2026\/06\/27 08:00",
                                    "airport": "KHI",
                                    "city": "Karachi",
                                    "country": "Pakistan",
                                    "country_iso": "PK",
                                    "terminal": " ",
                                    "airport_name": "Jinnah International Airport"
                                },
                                "to": {
                                    "date": "2026\/06\/27 09:45",
                                    "airport": "LHE",
                                    "city": "Lahore",
                                    "country": "Pakistan",
                                    "country_iso": "PK",
                                    "terminal": " ",
                                    "airport_name": "Alama Iqbal International Airport"
                                },
                                "equipment": "320",
                                "equipment_name": "320",
                                "flightnumber": "302",
                                "operating": "",
                                "iata": "PK",
                                "airline_name": "Pakistan International Airlines",
                                "duration": 105
                            }
                        ],
                        "from": {
                            "date": "2026\/06\/26 18:00",
                            "airport": "DXB",
                            "city": "Dubai",
                            "country": "United Arab Emirates",
                            "country_iso": "AE",
                            "terminal": "3",
                            "airport_name": "Dubai International Airport"
                        },
                        "to": {
                            "date": "2026\/06\/27 09:45",
                            "airport": "LHE",
                            "city": "Lahore",
                            "country": "Pakistan",
                            "country_iso": "PK",
                            "terminal": " ",
                            "airport_name": "Alama Iqbal International Airport"
                        },
                        "cabin": "Y",
                        "seats": 9,
                        "iata": [
                            "EK",
                            "PK"
                        ],
                        "stops": [
                            "KHI"
                        ],
                        "stop_over": [
                            655
                        ],
                        "cabin_name": "Economy"
                    }
                ],
                "id": "c5f036c5bf056fb0d8d06eaece2d6339",
                "currency": "USD"
            },
            "currency": "USD",
            "amount": 226.599999999999994315658113919198513031005859375,
            "actual_amount": 220
        },
        "redirect_url": "",
        "refundable": 0,
        "supplier": "seeru",
        "type": "oneway",
        "layover": {
            "city": "KHI",
            "duration": "3 h 5 m"
        },
        "stops": 1,
        "segments": [
            {
                "img": "EK",
                "flight_no": "602",
                "airline": "Emirates",
                "class": "economy",
                "baggage": "25  Kg ",
                "cabin_baggage": "7 kg",
                "departure_airport": "Dubai International Airport",
                "departure_time": "06:00 pm",
                "departure_date": "26-06-2026",
                "departure_code": "DXB",
                "arrival_airport": "Jinnah International Airport",
                "arrival_date": "26-06-2026",
                "arrival_time": "09:05 pm",
                "arrival_code": "KHI",
                "duration_time": "02:05",
                "total_duration": "14:45",
                "currency": "USD",
                "actual_price": "220.00",
                "price": "226.60",
                "adult_price": "226.60",
                "child_price": "0.00",
                "infant_price": "0.00",
                "actual_adult_price": "220.00",
                "actual_child_price": "0.00",
                "actual_infant_price": "0.00",
                "options": "packages data in array",
                "booking_data": {
                    "flight": {
                        "price": 220,
                        "tax": 91.1700000000000017053025658242404460906982421875,
                        "refundable_info": "NON-REFUNDABLE",
                        "fare_key": null,
                        "fare_brand": null,
                        "price_breakdowns": {
                            "ADT": {
                                "total": 220,
                                "price": 128.82999999999998408384271897375583648681640625,
                                "label": "Adult",
                                "tax": 91.1700000000000017053025658242404460906982421875
                            }
                        },
                        "search_id": "OneWay|23|DXB|2026-06-26|EK|602|2026-06-26|KHI_KHI|2026-06-27|PK|302|2026-06-27|LHE",
                        "trip_id": "DXB|2026-06-26|EK|18:00|21:05|2026-06-26|KHI|25 kg_KHI|2026-06-27|PK|08:00|09:45|2026-06-27|LHE|25 kg_LLEOPAE1:LLEOPAE1",
                        "can_hold": true,
                        "instant_issue": true,
                        "from_cache": false,
                        "src": "NT",
                        "total_pax_no_inf": 1,
                        "search_query": "{\"trips\":[{\"from\":\"DXB\",\"to\":\"LHE\",\"date\":\"2026\/06\/26\"}],\"adt\":1,\"chd\":0,\"inf\":0,\"options\":{\"direct\":false,\"cabin\":\"1\",\"multiCity\":false,\"cur\":\"USD\",\"lang\":\"en\",\"office\":\"PHPTRAVELS-TEST\",\"airline\":\"\"}}",
                        "cache_time": 1781111994125,
                        "search_time": 1781111989766,
                        "result_time": 1781111994125,
                        "can_void": false,
                        "can_refund": false,
                        "can_exchange": false,
                        "legs": [
                            {
                                "duration": 885,
                                "bags": {
                                    "unit": "kg",
                                    "value": 25,
                                    "ADT": {
                                        "cabin": {
                                            "desc": "7 kg"
                                        },
                                        "checked": {
                                            "desc": "25  Kg"
                                        }
                                    },
                                    "CHD": {
                                        "cabin": {
                                            "desc": "7 kg"
                                        },
                                        "checked": {
                                            "desc": "1 pc x 25KG"
                                        }
                                    },
                                    "INF": {
                                        "cabin": {
                                            "desc": "7 kg"
                                        },
                                        "checked": {
                                            "desc": "10 KG"
                                        }
                                    }
                                },
                                "segments": [
                                    {
                                        "cabin": "Y",
                                        "cabin_name": "Economy",
                                        "farebase": "LLEOPAE1",
                                        "seats": 9,
                                        "class": "L",
                                        "from": {
                                            "date": "2026\/06\/26 18:00",
                                            "airport": "DXB",
                                            "city": "Dubai",
                                            "country": "United Arab Emirates",
                                            "country_iso": "AE",
                                            "terminal": "3",
                                            "airport_name": "Dubai International Airport"
                                        },
                                        "to": {
                                            "date": "2026\/06\/26 21:05",
                                            "airport": "KHI",
                                            "city": "Karachi",
                                            "country": "Pakistan",
                                            "country_iso": "PK",
                                            "terminal": " ",
                                            "airport_name": "Jinnah International Airport"
                                        },
                                        "equipment": "77W",
                                        "equipment_name": "77W",
                                        "flightnumber": "602",
                                        "operating": "",
                                        "iata": "EK",
                                        "airline_name": "Emirates",
                                        "duration": 125
                                    },
                                    {
                                        "cabin": "Y",
                                        "cabin_name": "Economy",
                                        "farebase": "LLEOPAE1",
                                        "seats": 9,
                                        "class": "I",
                                        "from": {
                                            "date": "2026\/06\/27 08:00",
                                            "airport": "KHI",
                                            "city": "Karachi",
                                            "country": "Pakistan",
                                            "country_iso": "PK",
                                            "terminal": " ",
                                            "airport_name": "Jinnah International Airport"
                                        },
                                        "to": {
                                            "date": "2026\/06\/27 09:45",
                                            "airport": "LHE",
                                            "city": "Lahore",
                                            "country": "Pakistan",
                                            "country_iso": "PK",
                                            "terminal": " ",
                                            "airport_name": "Alama Iqbal International Airport"
                                        },
                                        "equipment": "320",
                                        "equipment_name": "320",
                                        "flightnumber": "302",
                                        "operating": "",
                                        "iata": "PK",
                                        "airline_name": "Pakistan International Airlines",
                                        "duration": 105
                                    }
                                ],
                                "from": {
                                    "date": "2026\/06\/26 18:00",
                                    "airport": "DXB",
                                    "city": "Dubai",
                                    "country": "United Arab Emirates",
                                    "country_iso": "AE",
                                    "terminal": "3",
                                    "airport_name": "Dubai International Airport"
                                },
                                "to": {
                                    "date": "2026\/06\/27 09:45",
                                    "airport": "LHE",
                                    "city": "Lahore",
                                    "country": "Pakistan",
                                    "country_iso": "PK",
                                    "terminal": " ",
                                    "airport_name": "Alama Iqbal International Airport"
                                },
                                "cabin": "Y",
                                "seats": 9,
                                "iata": [
                                    "EK",
                                    "PK"
                                ],
                                "stops": [
                                    "KHI"
                                ],
                                "stop_over": [
                                    655
                                ],
                                "cabin_name": "Economy"
                            }
                        ],
                        "id": "c5f036c5bf056fb0d8d06eaece2d6339",
                        "currency": "USD"
                    },
                    "currency": "USD",
                    "amount": 226.599999999999994315658113919198513031005859375,
                    "actual_amount": 220
                },
                "redirect_url": "",
                "refundable": 0,
                "supplier": "seeru",
                "type": "oneway",
                "layover": {
                    "city": "KHI",
                    "duration": "3 h 5 m"
                }
            },
            {
                "img": "PK",
                "flight_no": "302",
                "airline": "AST Pakistan Airways",
                "class": "economy",
                "baggage": "25  Kg ",
                "cabin_baggage": "7 kg",
                "departure_airport": "Jinnah International Airport",
                "departure_time": "08:00 am",
                "departure_date": "27-06-2026",
                "departure_code": "KHI",
                "arrival_airport": "Alama Iqbal International Airport",
                "arrival_date": "27-06-2026",
                "arrival_time": "09:45 am",
                "arrival_code": "LHE",
                "duration_time": "01:45",
                "total_duration": "14:45",
                "currency": "USD",
                "actual_price": "220.00",
                "price": "226.60",
                "adult_price": "226.60",
                "child_price": "0.00",
                "infant_price": "0.00",
                "actual_adult_price": "220.00",
                "actual_child_price": "0.00",
                "actual_infant_price": "0.00",
                "options": "packages data in array",
                "booking_data": {
                    "flight": {
                        "price": 220,
                        "tax": 91.1700000000000017053025658242404460906982421875,
                        "refundable_info": "NON-REFUNDABLE",
                        "fare_key": null,
                        "fare_brand": null,
                        "price_breakdowns": {
                            "ADT": {
                                "total": 220,
                                "price": 128.82999999999998408384271897375583648681640625,
                                "label": "Adult",
                                "tax": 91.1700000000000017053025658242404460906982421875
                            }
                        },
                        "search_id": "OneWay|23|DXB|2026-06-26|EK|602|2026-06-26|KHI_KHI|2026-06-27|PK|302|2026-06-27|LHE",
                        "trip_id": "DXB|2026-06-26|EK|18:00|21:05|2026-06-26|KHI|25 kg_KHI|2026-06-27|PK|08:00|09:45|2026-06-27|LHE|25 kg_LLEOPAE1:LLEOPAE1",
                        "can_hold": true,
                        "instant_issue": true,
                        "from_cache": false,
                        "src": "NT",
                        "total_pax_no_inf": 1,
                        "search_query": "{\"trips\":[{\"from\":\"DXB\",\"to\":\"LHE\",\"date\":\"2026\/06\/26\"}],\"adt\":1,\"chd\":0,\"inf\":0,\"options\":{\"direct\":false,\"cabin\":\"1\",\"multiCity\":false,\"cur\":\"USD\",\"lang\":\"en\",\"office\":\"PHPTRAVELS-TEST\",\"airline\":\"\"}}",
                        "cache_time": 1781111994125,
                        "search_time": 1781111989766,
                        "result_time": 1781111994125,
                        "can_void": false,
                        "can_refund": false,
                        "can_exchange": false,
                        "legs": [
                            {
                                "duration": 885,
                                "bags": {
                                    "unit": "kg",
                                    "value": 25,
                                    "ADT": {
                                        "cabin": {
                                            "desc": "7 kg"
                                        },
                                        "checked": {
                                            "desc": "25  Kg"
                                        }
                                    },
                                    "CHD": {
                                        "cabin": {
                                            "desc": "7 kg"
                                        },
                                        "checked": {
                                            "desc": "1 pc x 25KG"
                                        }
                                    },
                                    "INF": {
                                        "cabin": {
                                            "desc": "7 kg"
                                        },
                                        "checked": {
                                            "desc": "10 KG"
                                        }
                                    }
                                },
                                "segments": [
                                    {
                                        "cabin": "Y",
                                        "cabin_name": "Economy",
                                        "farebase": "LLEOPAE1",
                                        "seats": 9,
                                        "class": "L",
                                        "from": {
                                            "date": "2026\/06\/26 18:00",
                                            "airport": "DXB",
                                            "city": "Dubai",
                                            "country": "United Arab Emirates",
                                            "country_iso": "AE",
                                            "terminal": "3",
                                            "airport_name": "Dubai International Airport"
                                        },
                                        "to": {
                                            "date": "2026\/06\/26 21:05",
                                            "airport": "KHI",
                                            "city": "Karachi",
                                            "country": "Pakistan",
                                            "country_iso": "PK",
                                            "terminal": " ",
                                            "airport_name": "Jinnah International Airport"
                                        },
                                        "equipment": "77W",
                                        "equipment_name": "77W",
                                        "flightnumber": "602",
                                        "operating": "",
                                        "iata": "EK",
                                        "airline_name": "Emirates",
                                        "duration": 125
                                    },
                                    {
                                        "cabin": "Y",
                                        "cabin_name": "Economy",
                                        "farebase": "LLEOPAE1",
                                        "seats": 9,
                                        "class": "I",
                                        "from": {
                                            "date": "2026\/06\/27 08:00",
                                            "airport": "KHI",
                                            "city": "Karachi",
                                            "country": "Pakistan",
                                            "country_iso": "PK",
                                            "terminal": " ",
                                            "airport_name": "Jinnah International Airport"
                                        },
                                        "to": {
                                            "date": "2026\/06\/27 09:45",
                                            "airport": "LHE",
                                            "city": "Lahore",
                                            "country": "Pakistan",
                                            "country_iso": "PK",
                                            "terminal": " ",
                                            "airport_name": "Alama Iqbal International Airport"
                                        },
                                        "equipment": "320",
                                        "equipment_name": "320",
                                        "flightnumber": "302",
                                        "operating": "",
                                        "iata": "PK",
                                        "airline_name": "Pakistan International Airlines",
                                        "duration": 105
                                    }
                                ],
                                "from": {
                                    "date": "2026\/06\/26 18:00",
                                    "airport": "DXB",
                                    "city": "Dubai",
                                    "country": "United Arab Emirates",
                                    "country_iso": "AE",
                                    "terminal": "3",
                                    "airport_name": "Dubai International Airport"
                                },
                                "to": {
                                    "date": "2026\/06\/27 09:45",
                                    "airport": "LHE",
                                    "city": "Lahore",
                                    "country": "Pakistan",
                                    "country_iso": "PK",
                                    "terminal": " ",
                                    "airport_name": "Alama Iqbal International Airport"
                                },
                                "cabin": "Y",
                                "seats": 9,
                                "iata": [
                                    "EK",
                                    "PK"
                                ],
                                "stops": [
                                    "KHI"
                                ],
                                "stop_over": [
                                    655
                                ],
                                "cabin_name": "Economy"
                            }
                        ],
                        "id": "c5f036c5bf056fb0d8d06eaece2d6339",
                        "currency": "USD"
                    },
                    "currency": "USD",
                    "amount": 226.599999999999994315658113919198513031005859375,
                    "actual_amount": 220
                },
                "redirect_url": "",
                "refundable": 0,
                "supplier": "seeru",
                "type": "oneway",
                "layover": {
                    "city": "KHI",
                    "duration": "3 h 5 m"
                }
            }
        ],
        "returnSegments": [],
        "returnFlight": null,
        "isRoundTrip": false,
        "returnStops": 0,
        "returnDuration": "",
        "airlineName": "Emirates",
        "display_currency": "USD",
        "booking_hash": "95574c2bd0499888"
    }
}
{
    "timestamp": "2026-06-10T16:26:09+02:00",
    "flightData": {
        "img": "EK",
        "flight_no": "602",
        "airline": "Emirates",
        "class": "economy",
        "baggage": "25  Kg ",
        "cabin_baggage": "7 kg",
        "departure_airport": "Dubai International Airport",
        "departure_time": "06:00 pm",
        "departure_date": "26-06-2026",
        "departure_code": "DXB",
        "arrival_airport": "Alama Iqbal International Airport",
        "arrival_date": "27-06-2026",
        "arrival_time": "09:45 am",
        "arrival_code": "LHE",
        "duration_time": "02:05",
        "total_duration": "14:45",
        "currency": "USD",
        "actual_price": "220.00",
        "price": "226.60",
        "adult_price": "226.60",
        "child_price": "0.00",
        "infant_price": "0.00",
        "actual_adult_price": "220.00",
        "actual_child_price": "0.00",
        "actual_infant_price": "0.00",
        "options": "packages data in array",
        "booking_data": {
            "flight": {
                "price": 220,
                "tax": 91.1700000000000017053025658242404460906982421875,
                "refundable_info": "NON-REFUNDABLE",
                "fare_key": null,
                "fare_brand": null,
                "price_breakdowns": {
                    "ADT": {
                        "total": 220,
                        "price": 128.82999999999998408384271897375583648681640625,
                        "label": "Adult",
                        "tax": 91.1700000000000017053025658242404460906982421875
                    }
                },
                "search_id": "OneWay|23|DXB|2026-06-26|EK|602|2026-06-26|KHI_KHI|2026-06-27|PK|302|2026-06-27|LHE",
                "trip_id": "DXB|2026-06-26|EK|18:00|21:05|2026-06-26|KHI|25 kg_KHI|2026-06-27|PK|08:00|09:45|2026-06-27|LHE|25 kg_LLEOPAE1:LLEOPAE1",
                "can_hold": true,
                "instant_issue": true,
                "from_cache": false,
                "src": "NT",
                "total_pax_no_inf": 1,
                "search_query": "{\"trips\":[{\"from\":\"DXB\",\"to\":\"LHE\",\"date\":\"2026\/06\/26\"}],\"adt\":1,\"chd\":0,\"inf\":0,\"options\":{\"direct\":false,\"cabin\":\"1\",\"multiCity\":false,\"cur\":\"USD\",\"lang\":\"en\",\"office\":\"PHPTRAVELS-TEST\",\"airline\":\"\"}}",
                "cache_time": 1781111994125,
                "search_time": 1781111989766,
                "result_time": 1781111994125,
                "can_void": false,
                "can_refund": false,
                "can_exchange": false,
                "legs": [
                    {
                        "duration": 885,
                        "bags": {
                            "unit": "kg",
                            "value": 25,
                            "ADT": {
                                "cabin": {
                                    "desc": "7 kg"
                                },
                                "checked": {
                                    "desc": "25  Kg"
                                }
                            },
                            "CHD": {
                                "cabin": {
                                    "desc": "7 kg"
                                },
                                "checked": {
                                    "desc": "1 pc x 25KG"
                                }
                            },
                            "INF": {
                                "cabin": {
                                    "desc": "7 kg"
                                },
                                "checked": {
                                    "desc": "10 KG"
                                }
                            }
                        },
                        "segments": [
                            {
                                "cabin": "Y",
                                "cabin_name": "Economy",
                                "farebase": "LLEOPAE1",
                                "seats": 9,
                                "class": "L",
                                "from": {
                                    "date": "2026\/06\/26 18:00",
                                    "airport": "DXB",
                                    "city": "Dubai",
                                    "country": "United Arab Emirates",
                                    "country_iso": "AE",
                                    "terminal": "3",
                                    "airport_name": "Dubai International Airport"
                                },
                                "to": {
                                    "date": "2026\/06\/26 21:05",
                                    "airport": "KHI",
                                    "city": "Karachi",
                                    "country": "Pakistan",
                                    "country_iso": "PK",
                                    "terminal": " ",
                                    "airport_name": "Jinnah International Airport"
                                },
                                "equipment": "77W",
                                "equipment_name": "77W",
                                "flightnumber": "602",
                                "operating": "",
                                "iata": "EK",
                                "airline_name": "Emirates",
                                "duration": 125
                            },
                            {
                                "cabin": "Y",
                                "cabin_name": "Economy",
                                "farebase": "LLEOPAE1",
                                "seats": 9,
                                "class": "I",
                                "from": {
                                    "date": "2026\/06\/27 08:00",
                                    "airport": "KHI",
                                    "city": "Karachi",
                                    "country": "Pakistan",
                                    "country_iso": "PK",
                                    "terminal": " ",
                                    "airport_name": "Jinnah International Airport"
                                },
                                "to": {
                                    "date": "2026\/06\/27 09:45",
                                    "airport": "LHE",
                                    "city": "Lahore",
                                    "country": "Pakistan",
                                    "country_iso": "PK",
                                    "terminal": " ",
                                    "airport_name": "Alama Iqbal International Airport"
                                },
                                "equipment": "320",
                                "equipment_name": "320",
                                "flightnumber": "302",
                                "operating": "",
                                "iata": "PK",
                                "airline_name": "Pakistan International Airlines",
                                "duration": 105
                            }
                        ],
                        "from": {
                            "date": "2026\/06\/26 18:00",
                            "airport": "DXB",
                            "city": "Dubai",
                            "country": "United Arab Emirates",
                            "country_iso": "AE",
                            "terminal": "3",
                            "airport_name": "Dubai International Airport"
                        },
                        "to": {
                            "date": "2026\/06\/27 09:45",
                            "airport": "LHE",
                            "city": "Lahore",
                            "country": "Pakistan",
                            "country_iso": "PK",
                            "terminal": " ",
                            "airport_name": "Alama Iqbal International Airport"
                        },
                        "cabin": "Y",
                        "seats": 9,
                        "iata": [
                            "EK",
                            "PK"
                        ],
                        "stops": [
                            "KHI"
                        ],
                        "stop_over": [
                            655
                        ],
                        "cabin_name": "Economy"
                    }
                ],
                "id": "c5f036c5bf056fb0d8d06eaece2d6339",
                "currency": "USD"
            },
            "currency": "USD",
            "amount": 226.599999999999994315658113919198513031005859375,
            "actual_amount": 220
        },
        "redirect_url": "",
        "refundable": 0,
        "supplier": "seeru",
        "type": "oneway",
        "layover": {
            "city": "KHI",
            "duration": "3 h 5 m"
        },
        "stops": 1,
        "segments": [
            {
                "img": "EK",
                "flight_no": "602",
                "airline": "Emirates",
                "class": "economy",
                "baggage": "25  Kg ",
                "cabin_baggage": "7 kg",
                "departure_airport": "Dubai International Airport",
                "departure_time": "06:00 pm",
                "departure_date": "26-06-2026",
                "departure_code": "DXB",
                "arrival_airport": "Jinnah International Airport",
                "arrival_date": "26-06-2026",
                "arrival_time": "09:05 pm",
                "arrival_code": "KHI",
                "duration_time": "02:05",
                "total_duration": "14:45",
                "currency": "USD",
                "actual_price": "220.00",
                "price": "226.60",
                "adult_price": "226.60",
                "child_price": "0.00",
                "infant_price": "0.00",
                "actual_adult_price": "220.00",
                "actual_child_price": "0.00",
                "actual_infant_price": "0.00",
                "options": "packages data in array",
                "booking_data": {
                    "flight": {
                        "price": 220,
                        "tax": 91.1700000000000017053025658242404460906982421875,
                        "refundable_info": "NON-REFUNDABLE",
                        "fare_key": null,
                        "fare_brand": null,
                        "price_breakdowns": {
                            "ADT": {
                                "total": 220,
                                "price": 128.82999999999998408384271897375583648681640625,
                                "label": "Adult",
                                "tax": 91.1700000000000017053025658242404460906982421875
                            }
                        },
                        "search_id": "OneWay|23|DXB|2026-06-26|EK|602|2026-06-26|KHI_KHI|2026-06-27|PK|302|2026-06-27|LHE",
                        "trip_id": "DXB|2026-06-26|EK|18:00|21:05|2026-06-26|KHI|25 kg_KHI|2026-06-27|PK|08:00|09:45|2026-06-27|LHE|25 kg_LLEOPAE1:LLEOPAE1",
                        "can_hold": true,
                        "instant_issue": true,
                        "from_cache": false,
                        "src": "NT",
                        "total_pax_no_inf": 1,
                        "search_query": "{\"trips\":[{\"from\":\"DXB\",\"to\":\"LHE\",\"date\":\"2026\/06\/26\"}],\"adt\":1,\"chd\":0,\"inf\":0,\"options\":{\"direct\":false,\"cabin\":\"1\",\"multiCity\":false,\"cur\":\"USD\",\"lang\":\"en\",\"office\":\"PHPTRAVELS-TEST\",\"airline\":\"\"}}",
                        "cache_time": 1781111994125,
                        "search_time": 1781111989766,
                        "result_time": 1781111994125,
                        "can_void": false,
                        "can_refund": false,
                        "can_exchange": false,
                        "legs": [
                            {
                                "duration": 885,
                                "bags": {
                                    "unit": "kg",
                                    "value": 25,
                                    "ADT": {
                                        "cabin": {
                                            "desc": "7 kg"
                                        },
                                        "checked": {
                                            "desc": "25  Kg"
                                        }
                                    },
                                    "CHD": {
                                        "cabin": {
                                            "desc": "7 kg"
                                        },
                                        "checked": {
                                            "desc": "1 pc x 25KG"
                                        }
                                    },
                                    "INF": {
                                        "cabin": {
                                            "desc": "7 kg"
                                        },
                                        "checked": {
                                            "desc": "10 KG"
                                        }
                                    }
                                },
                                "segments": [
                                    {
                                        "cabin": "Y",
                                        "cabin_name": "Economy",
                                        "farebase": "LLEOPAE1",
                                        "seats": 9,
                                        "class": "L",
                                        "from": {
                                            "date": "2026\/06\/26 18:00",
                                            "airport": "DXB",
                                            "city": "Dubai",
                                            "country": "United Arab Emirates",
                                            "country_iso": "AE",
                                            "terminal": "3",
                                            "airport_name": "Dubai International Airport"
                                        },
                                        "to": {
                                            "date": "2026\/06\/26 21:05",
                                            "airport": "KHI",
                                            "city": "Karachi",
                                            "country": "Pakistan",
                                            "country_iso": "PK",
                                            "terminal": " ",
                                            "airport_name": "Jinnah International Airport"
                                        },
                                        "equipment": "77W",
                                        "equipment_name": "77W",
                                        "flightnumber": "602",
                                        "operating": "",
                                        "iata": "EK",
                                        "airline_name": "Emirates",
                                        "duration": 125
                                    },
                                    {
                                        "cabin": "Y",
                                        "cabin_name": "Economy",
                                        "farebase": "LLEOPAE1",
                                        "seats": 9,
                                        "class": "I",
                                        "from": {
                                            "date": "2026\/06\/27 08:00",
                                            "airport": "KHI",
                                            "city": "Karachi",
                                            "country": "Pakistan",
                                            "country_iso": "PK",
                                            "terminal": " ",
                                            "airport_name": "Jinnah International Airport"
                                        },
                                        "to": {
                                            "date": "2026\/06\/27 09:45",
                                            "airport": "LHE",
                                            "city": "Lahore",
                                            "country": "Pakistan",
                                            "country_iso": "PK",
                                            "terminal": " ",
                                            "airport_name": "Alama Iqbal International Airport"
                                        },
                                        "equipment": "320",
                                        "equipment_name": "320",
                                        "flightnumber": "302",
                                        "operating": "",
                                        "iata": "PK",
                                        "airline_name": "Pakistan International Airlines",
                                        "duration": 105
                                    }
                                ],
                                "from": {
                                    "date": "2026\/06\/26 18:00",
                                    "airport": "DXB",
                                    "city": "Dubai",
                                    "country": "United Arab Emirates",
                                    "country_iso": "AE",
                                    "terminal": "3",
                                    "airport_name": "Dubai International Airport"
                                },
                                "to": {
                                    "date": "2026\/06\/27 09:45",
                                    "airport": "LHE",
                                    "city": "Lahore",
                                    "country": "Pakistan",
                                    "country_iso": "PK",
                                    "terminal": " ",
                                    "airport_name": "Alama Iqbal International Airport"
                                },
                                "cabin": "Y",
                                "seats": 9,
                                "iata": [
                                    "EK",
                                    "PK"
                                ],
                                "stops": [
                                    "KHI"
                                ],
                                "stop_over": [
                                    655
                                ],
                                "cabin_name": "Economy"
                            }
                        ],
                        "id": "c5f036c5bf056fb0d8d06eaece2d6339",
                        "currency": "USD"
                    },
                    "currency": "USD",
                    "amount": 226.599999999999994315658113919198513031005859375,
                    "actual_amount": 220
                },
                "redirect_url": "",
                "refundable": 0,
                "supplier": "seeru",
                "type": "oneway",
                "layover": {
                    "city": "KHI",
                    "duration": "3 h 5 m"
                }
            },
            {
                "img": "PK",
                "flight_no": "302",
                "airline": "AST Pakistan Airways",
                "class": "economy",
                "baggage": "25  Kg ",
                "cabin_baggage": "7 kg",
                "departure_airport": "Jinnah International Airport",
                "departure_time": "08:00 am",
                "departure_date": "27-06-2026",
                "departure_code": "KHI",
                "arrival_airport": "Alama Iqbal International Airport",
                "arrival_date": "27-06-2026",
                "arrival_time": "09:45 am",
                "arrival_code": "LHE",
                "duration_time": "01:45",
                "total_duration": "14:45",
                "currency": "USD",
                "actual_price": "220.00",
                "price": "226.60",
                "adult_price": "226.60",
                "child_price": "0.00",
                "infant_price": "0.00",
                "actual_adult_price": "220.00",
                "actual_child_price": "0.00",
                "actual_infant_price": "0.00",
                "options": "packages data in array",
                "booking_data": {
                    "flight": {
                        "price": 220,
                        "tax": 91.1700000000000017053025658242404460906982421875,
                        "refundable_info": "NON-REFUNDABLE",
                        "fare_key": null,
                        "fare_brand": null,
                        "price_breakdowns": {
                            "ADT": {
                                "total": 220,
                                "price": 128.82999999999998408384271897375583648681640625,
                                "label": "Adult",
                                "tax": 91.1700000000000017053025658242404460906982421875
                            }
                        },
                        "search_id": "OneWay|23|DXB|2026-06-26|EK|602|2026-06-26|KHI_KHI|2026-06-27|PK|302|2026-06-27|LHE",
                        "trip_id": "DXB|2026-06-26|EK|18:00|21:05|2026-06-26|KHI|25 kg_KHI|2026-06-27|PK|08:00|09:45|2026-06-27|LHE|25 kg_LLEOPAE1:LLEOPAE1",
                        "can_hold": true,
                        "instant_issue": true,
                        "from_cache": false,
                        "src": "NT",
                        "total_pax_no_inf": 1,
                        "search_query": "{\"trips\":[{\"from\":\"DXB\",\"to\":\"LHE\",\"date\":\"2026\/06\/26\"}],\"adt\":1,\"chd\":0,\"inf\":0,\"options\":{\"direct\":false,\"cabin\":\"1\",\"multiCity\":false,\"cur\":\"USD\",\"lang\":\"en\",\"office\":\"PHPTRAVELS-TEST\",\"airline\":\"\"}}",
                        "cache_time": 1781111994125,
                        "search_time": 1781111989766,
                        "result_time": 1781111994125,
                        "can_void": false,
                        "can_refund": false,
                        "can_exchange": false,
                        "legs": [
                            {
                                "duration": 885,
                                "bags": {
                                    "unit": "kg",
                                    "value": 25,
                                    "ADT": {
                                        "cabin": {
                                            "desc": "7 kg"
                                        },
                                        "checked": {
                                            "desc": "25  Kg"
                                        }
                                    },
                                    "CHD": {
                                        "cabin": {
                                            "desc": "7 kg"
                                        },
                                        "checked": {
                                            "desc": "1 pc x 25KG"
                                        }
                                    },
                                    "INF": {
                                        "cabin": {
                                            "desc": "7 kg"
                                        },
                                        "checked": {
                                            "desc": "10 KG"
                                        }
                                    }
                                },
                                "segments": [
                                    {
                                        "cabin": "Y",
                                        "cabin_name": "Economy",
                                        "farebase": "LLEOPAE1",
                                        "seats": 9,
                                        "class": "L",
                                        "from": {
                                            "date": "2026\/06\/26 18:00",
                                            "airport": "DXB",
                                            "city": "Dubai",
                                            "country": "United Arab Emirates",
                                            "country_iso": "AE",
                                            "terminal": "3",
                                            "airport_name": "Dubai International Airport"
                                        },
                                        "to": {
                                            "date": "2026\/06\/26 21:05",
                                            "airport": "KHI",
                                            "city": "Karachi",
                                            "country": "Pakistan",
                                            "country_iso": "PK",
                                            "terminal": " ",
                                            "airport_name": "Jinnah International Airport"
                                        },
                                        "equipment": "77W",
                                        "equipment_name": "77W",
                                        "flightnumber": "602",
                                        "operating": "",
                                        "iata": "EK",
                                        "airline_name": "Emirates",
                                        "duration": 125
                                    },
                                    {
                                        "cabin": "Y",
                                        "cabin_name": "Economy",
                                        "farebase": "LLEOPAE1",
                                        "seats": 9,
                                        "class": "I",
                                        "from": {
                                            "date": "2026\/06\/27 08:00",
                                            "airport": "KHI",
                                            "city": "Karachi",
                                            "country": "Pakistan",
                                            "country_iso": "PK",
                                            "terminal": " ",
                                            "airport_name": "Jinnah International Airport"
                                        },
                                        "to": {
                                            "date": "2026\/06\/27 09:45",
                                            "airport": "LHE",
                                            "city": "Lahore",
                                            "country": "Pakistan",
                                            "country_iso": "PK",
                                            "terminal": " ",
                                            "airport_name": "Alama Iqbal International Airport"
                                        },
                                        "equipment": "320",
                                        "equipment_name": "320",
                                        "flightnumber": "302",
                                        "operating": "",
                                        "iata": "PK",
                                        "airline_name": "Pakistan International Airlines",
                                        "duration": 105
                                    }
                                ],
                                "from": {
                                    "date": "2026\/06\/26 18:00",
                                    "airport": "DXB",
                                    "city": "Dubai",
                                    "country": "United Arab Emirates",
                                    "country_iso": "AE",
                                    "terminal": "3",
                                    "airport_name": "Dubai International Airport"
                                },
                                "to": {
                                    "date": "2026\/06\/27 09:45",
                                    "airport": "LHE",
                                    "city": "Lahore",
                                    "country": "Pakistan",
                                    "country_iso": "PK",
                                    "terminal": " ",
                                    "airport_name": "Alama Iqbal International Airport"
                                },
                                "cabin": "Y",
                                "seats": 9,
                                "iata": [
                                    "EK",
                                    "PK"
                                ],
                                "stops": [
                                    "KHI"
                                ],
                                "stop_over": [
                                    655
                                ],
                                "cabin_name": "Economy"
                            }
                        ],
                        "id": "c5f036c5bf056fb0d8d06eaece2d6339",
                        "currency": "USD"
                    },
                    "currency": "USD",
                    "amount": 226.599999999999994315658113919198513031005859375,
                    "actual_amount": 220
                },
                "redirect_url": "",
                "refundable": 0,
                "supplier": "seeru",
                "type": "oneway",
                "layover": {
                    "city": "KHI",
                    "duration": "3 h 5 m"
                }
            }
        ],
        "returnSegments": [],
        "returnFlight": null,
        "isRoundTrip": false,
        "returnStops": 0,
        "returnDuration": "",
        "airlineName": "Emirates",
        "display_currency": "USD",
        "booking_hash": "95574c2bd0499888"
    }
}
{
    "timestamp": "2026-06-10T16:27:39+02:00",
    "flightData": {
        "img": "EY",
        "flight_no": "5419",
        "airline": "Etihad Airways",
        "class": "economy",
        "baggage": "0 kg ",
        "cabin_baggage": "7 kg",
        "departure_airport": "Dubai Bus Station",
        "departure_time": "04:10 pm",
        "departure_date": "26-06-2026",
        "departure_code": "XNB",
        "arrival_airport": "Alama Iqbal International Airport",
        "arrival_date": "27-06-2026",
        "arrival_time": "06:25 pm",
        "arrival_code": "LHE",
        "duration_time": "02:00",
        "total_duration": "25:15",
        "currency": "USD",
        "actual_price": "315.00",
        "price": "324.45",
        "adult_price": "324.45",
        "child_price": "0.00",
        "infant_price": "0.00",
        "actual_adult_price": "315.00",
        "actual_child_price": "0.00",
        "actual_infant_price": "0.00",
        "options": "packages data in array",
        "booking_data": {
            "flight": {
                "price": 315,
                "tax": 36.74000000000000198951966012828052043914794921875,
                "refundable_info": "NON-REFUNDABLE",
                "fare_key": null,
                "fare_brand": null,
                "price_breakdowns": {
                    "ADT": {
                        "total": 315,
                        "price": 278.259999999999990905052982270717620849609375,
                        "label": "Adult",
                        "tax": 36.74000000000000198951966012828052043914794921875
                    }
                },
                "search_id": "OneWay|23|XNB|2026-06-26|EY|5419|2026-06-26|AUH_AUH|2026-06-27|EY|288|2026-06-27|LHE",
                "trip_id": "XNB|2026-06-26|EY|16:10|18:10|2026-06-26|AUH|0 kg_AUH|2026-06-27|EY|14:10|18:25|2026-06-27|LHE|0 kg_LLN10H8R:LLN10H8R",
                "can_hold": true,
                "instant_issue": true,
                "from_cache": false,
                "src": "NT",
                "total_pax_no_inf": 1,
                "search_query": "{\"trips\":[{\"from\":\"DXB\",\"to\":\"LHE\",\"date\":\"2026\/06\/26\"}],\"adt\":1,\"chd\":0,\"inf\":0,\"options\":{\"direct\":false,\"cabin\":\"1\",\"multiCity\":false,\"cur\":\"USD\",\"lang\":\"en\",\"office\":\"PHPTRAVELS-TEST\",\"airline\":\"\"}}",
                "cache_time": 1781111994125,
                "search_time": 1781111989766,
                "result_time": 1781111994125,
                "can_void": false,
                "can_refund": false,
                "can_exchange": false,
                "legs": [
                    {
                        "duration": 1515,
                        "bags": {
                            "unit": "kg",
                            "value": 0,
                            "ADT": {
                                "cabin": {
                                    "desc": "7 kg"
                                },
                                "checked": {
                                    "desc": "0 kg"
                                }
                            },
                            "CHD": {
                                "cabin": {
                                    "desc": "7 kg"
                                },
                                "checked": {
                                    "desc": "0 kg"
                                }
                            },
                            "INF": {
                                "cabin": {
                                    "desc": "7 kg"
                                },
                                "checked": {
                                    "desc": "10 KG"
                                }
                            }
                        },
                        "segments": [
                            {
                                "cabin": "Y",
                                "cabin_name": "Economy",
                                "farebase": "LLN10H8R",
                                "seats": 9,
                                "class": "L",
                                "from": {
                                    "date": "2026\/06\/26 16:10",
                                    "airport": "XNB",
                                    "city": "Dubai",
                                    "country": "United Arab Emirates",
                                    "country_iso": "AE",
                                    "terminal": " ",
                                    "airport_name": "Dubai Bus Station"
                                },
                                "to": {
                                    "date": "2026\/06\/26 18:10",
                                    "airport": "AUH",
                                    "city": "Abu Dhabi",
                                    "country": "United Arab Emirates",
                                    "country_iso": "AE",
                                    "terminal": "A",
                                    "airport_name": "Abu Dhabi International Airport"
                                },
                                "equipment": "BUS",
                                "equipment_name": "BUS",
                                "flightnumber": "5419",
                                "operating": "",
                                "iata": "EY",
                                "airline_name": "Etihad Airways",
                                "duration": 120
                            },
                            {
                                "cabin": "Y",
                                "cabin_name": "Economy",
                                "farebase": "LLN10H8R",
                                "seats": 9,
                                "class": "L",
                                "from": {
                                    "date": "2026\/06\/27 14:10",
                                    "airport": "AUH",
                                    "city": "Abu Dhabi",
                                    "country": "United Arab Emirates",
                                    "country_iso": "AE",
                                    "terminal": "A",
                                    "airport_name": "Abu Dhabi International Airport"
                                },
                                "to": {
                                    "date": "2026\/06\/27 18:25",
                                    "airport": "LHE",
                                    "city": "Lahore",
                                    "country": "Pakistan",
                                    "country_iso": "PK",
                                    "terminal": "M",
                                    "airport_name": "Alama Iqbal International Airport"
                                },
                                "equipment": "32A",
                                "equipment_name": "32A",
                                "flightnumber": "288",
                                "operating": "",
                                "iata": "EY",
                                "airline_name": "Etihad Airways",
                                "duration": 195
                            }
                        ],
                        "from": {
                            "date": "2026\/06\/26 16:10",
                            "airport": "XNB",
                            "city": "Dubai",
                            "country": "United Arab Emirates",
                            "country_iso": "AE",
                            "terminal": " ",
                            "airport_name": "Dubai Bus Station"
                        },
                        "to": {
                            "date": "2026\/06\/27 18:25",
                            "airport": "LHE",
                            "city": "Lahore",
                            "country": "Pakistan",
                            "country_iso": "PK",
                            "terminal": "M",
                            "airport_name": "Alama Iqbal International Airport"
                        },
                        "cabin": "Y",
                        "seats": 9,
                        "iata": [
                            "EY"
                        ],
                        "stops": [
                            "AUH"
                        ],
                        "stop_over": [
                            1200
                        ],
                        "cabin_name": "Economy"
                    }
                ],
                "id": "4f9755b698ebe5a2c77c06fefaa7e9f1",
                "currency": "USD"
            },
            "currency": "USD",
            "amount": 324.44999999999998863131622783839702606201171875,
            "actual_amount": 315
        },
        "redirect_url": "",
        "refundable": 0,
        "supplier": "seeru",
        "type": "oneway",
        "layover": {
            "city": "AUH",
            "duration": "2 h 0 m"
        },
        "stops": 1,
        "segments": [
            {
                "img": "EY",
                "flight_no": "5419",
                "airline": "Etihad Airways",
                "class": "economy",
                "baggage": "0 kg ",
                "cabin_baggage": "7 kg",
                "departure_airport": "Dubai Bus Station",
                "departure_time": "04:10 pm",
                "departure_date": "26-06-2026",
                "departure_code": "XNB",
                "arrival_airport": "Abu Dhabi International Airport",
                "arrival_date": "26-06-2026",
                "arrival_time": "06:10 pm",
                "arrival_code": "AUH",
                "duration_time": "02:00",
                "total_duration": "25:15",
                "currency": "USD",
                "actual_price": "315.00",
                "price": "324.45",
                "adult_price": "324.45",
                "child_price": "0.00",
                "infant_price": "0.00",
                "actual_adult_price": "315.00",
                "actual_child_price": "0.00",
                "actual_infant_price": "0.00",
                "options": "packages data in array",
                "booking_data": {
                    "flight": {
                        "price": 315,
                        "tax": 36.74000000000000198951966012828052043914794921875,
                        "refundable_info": "NON-REFUNDABLE",
                        "fare_key": null,
                        "fare_brand": null,
                        "price_breakdowns": {
                            "ADT": {
                                "total": 315,
                                "price": 278.259999999999990905052982270717620849609375,
                                "label": "Adult",
                                "tax": 36.74000000000000198951966012828052043914794921875
                            }
                        },
                        "search_id": "OneWay|23|XNB|2026-06-26|EY|5419|2026-06-26|AUH_AUH|2026-06-27|EY|288|2026-06-27|LHE",
                        "trip_id": "XNB|2026-06-26|EY|16:10|18:10|2026-06-26|AUH|0 kg_AUH|2026-06-27|EY|14:10|18:25|2026-06-27|LHE|0 kg_LLN10H8R:LLN10H8R",
                        "can_hold": true,
                        "instant_issue": true,
                        "from_cache": false,
                        "src": "NT",
                        "total_pax_no_inf": 1,
                        "search_query": "{\"trips\":[{\"from\":\"DXB\",\"to\":\"LHE\",\"date\":\"2026\/06\/26\"}],\"adt\":1,\"chd\":0,\"inf\":0,\"options\":{\"direct\":false,\"cabin\":\"1\",\"multiCity\":false,\"cur\":\"USD\",\"lang\":\"en\",\"office\":\"PHPTRAVELS-TEST\",\"airline\":\"\"}}",
                        "cache_time": 1781111994125,
                        "search_time": 1781111989766,
                        "result_time": 1781111994125,
                        "can_void": false,
                        "can_refund": false,
                        "can_exchange": false,
                        "legs": [
                            {
                                "duration": 1515,
                                "bags": {
                                    "unit": "kg",
                                    "value": 0,
                                    "ADT": {
                                        "cabin": {
                                            "desc": "7 kg"
                                        },
                                        "checked": {
                                            "desc": "0 kg"
                                        }
                                    },
                                    "CHD": {
                                        "cabin": {
                                            "desc": "7 kg"
                                        },
                                        "checked": {
                                            "desc": "0 kg"
                                        }
                                    },
                                    "INF": {
                                        "cabin": {
                                            "desc": "7 kg"
                                        },
                                        "checked": {
                                            "desc": "10 KG"
                                        }
                                    }
                                },
                                "segments": [
                                    {
                                        "cabin": "Y",
                                        "cabin_name": "Economy",
                                        "farebase": "LLN10H8R",
                                        "seats": 9,
                                        "class": "L",
                                        "from": {
                                            "date": "2026\/06\/26 16:10",
                                            "airport": "XNB",
                                            "city": "Dubai",
                                            "country": "United Arab Emirates",
                                            "country_iso": "AE",
                                            "terminal": " ",
                                            "airport_name": "Dubai Bus Station"
                                        },
                                        "to": {
                                            "date": "2026\/06\/26 18:10",
                                            "airport": "AUH",
                                            "city": "Abu Dhabi",
                                            "country": "United Arab Emirates",
                                            "country_iso": "AE",
                                            "terminal": "A",
                                            "airport_name": "Abu Dhabi International Airport"
                                        },
                                        "equipment": "BUS",
                                        "equipment_name": "BUS",
                                        "flightnumber": "5419",
                                        "operating": "",
                                        "iata": "EY",
                                        "airline_name": "Etihad Airways",
                                        "duration": 120
                                    },
                                    {
                                        "cabin": "Y",
                                        "cabin_name": "Economy",
                                        "farebase": "LLN10H8R",
                                        "seats": 9,
                                        "class": "L",
                                        "from": {
                                            "date": "2026\/06\/27 14:10",
                                            "airport": "AUH",
                                            "city": "Abu Dhabi",
                                            "country": "United Arab Emirates",
                                            "country_iso": "AE",
                                            "terminal": "A",
                                            "airport_name": "Abu Dhabi International Airport"
                                        },
                                        "to": {
                                            "date": "2026\/06\/27 18:25",
                                            "airport": "LHE",
                                            "city": "Lahore",
                                            "country": "Pakistan",
                                            "country_iso": "PK",
                                            "terminal": "M",
                                            "airport_name": "Alama Iqbal International Airport"
                                        },
                                        "equipment": "32A",
                                        "equipment_name": "32A",
                                        "flightnumber": "288",
                                        "operating": "",
                                        "iata": "EY",
                                        "airline_name": "Etihad Airways",
                                        "duration": 195
                                    }
                                ],
                                "from": {
                                    "date": "2026\/06\/26 16:10",
                                    "airport": "XNB",
                                    "city": "Dubai",
                                    "country": "United Arab Emirates",
                                    "country_iso": "AE",
                                    "terminal": " ",
                                    "airport_name": "Dubai Bus Station"
                                },
                                "to": {
                                    "date": "2026\/06\/27 18:25",
                                    "airport": "LHE",
                                    "city": "Lahore",
                                    "country": "Pakistan",
                                    "country_iso": "PK",
                                    "terminal": "M",
                                    "airport_name": "Alama Iqbal International Airport"
                                },
                                "cabin": "Y",
                                "seats": 9,
                                "iata": [
                                    "EY"
                                ],
                                "stops": [
                                    "AUH"
                                ],
                                "stop_over": [
                                    1200
                                ],
                                "cabin_name": "Economy"
                            }
                        ],
                        "id": "4f9755b698ebe5a2c77c06fefaa7e9f1",
                        "currency": "USD"
                    },
                    "currency": "USD",
                    "amount": 324.44999999999998863131622783839702606201171875,
                    "actual_amount": 315
                },
                "redirect_url": "",
                "refundable": 0,
                "supplier": "seeru",
                "type": "oneway",
                "layover": {
                    "city": "AUH",
                    "duration": "2 h 0 m"
                }
            },
            {
                "img": "EY",
                "flight_no": "288",
                "airline": "Etihad Airways",
                "class": "economy",
                "baggage": "0 kg ",
                "cabin_baggage": "7 kg",
                "departure_airport": "Abu Dhabi International Airport",
                "departure_time": "02:10 pm",
                "departure_date": "27-06-2026",
                "departure_code": "AUH",
                "arrival_airport": "Alama Iqbal International Airport",
                "arrival_date": "27-06-2026",
                "arrival_time": "06:25 pm",
                "arrival_code": "LHE",
                "duration_time": "03:15",
                "total_duration": "25:15",
                "currency": "USD",
                "actual_price": "315.00",
                "price": "324.45",
                "adult_price": "324.45",
                "child_price": "0.00",
                "infant_price": "0.00",
                "actual_adult_price": "315.00",
                "actual_child_price": "0.00",
                "actual_infant_price": "0.00",
                "options": "packages data in array",
                "booking_data": {
                    "flight": {
                        "price": 315,
                        "tax": 36.74000000000000198951966012828052043914794921875,
                        "refundable_info": "NON-REFUNDABLE",
                        "fare_key": null,
                        "fare_brand": null,
                        "price_breakdowns": {
                            "ADT": {
                                "total": 315,
                                "price": 278.259999999999990905052982270717620849609375,
                                "label": "Adult",
                                "tax": 36.74000000000000198951966012828052043914794921875
                            }
                        },
                        "search_id": "OneWay|23|XNB|2026-06-26|EY|5419|2026-06-26|AUH_AUH|2026-06-27|EY|288|2026-06-27|LHE",
                        "trip_id": "XNB|2026-06-26|EY|16:10|18:10|2026-06-26|AUH|0 kg_AUH|2026-06-27|EY|14:10|18:25|2026-06-27|LHE|0 kg_LLN10H8R:LLN10H8R",
                        "can_hold": true,
                        "instant_issue": true,
                        "from_cache": false,
                        "src": "NT",
                        "total_pax_no_inf": 1,
                        "search_query": "{\"trips\":[{\"from\":\"DXB\",\"to\":\"LHE\",\"date\":\"2026\/06\/26\"}],\"adt\":1,\"chd\":0,\"inf\":0,\"options\":{\"direct\":false,\"cabin\":\"1\",\"multiCity\":false,\"cur\":\"USD\",\"lang\":\"en\",\"office\":\"PHPTRAVELS-TEST\",\"airline\":\"\"}}",
                        "cache_time": 1781111994125,
                        "search_time": 1781111989766,
                        "result_time": 1781111994125,
                        "can_void": false,
                        "can_refund": false,
                        "can_exchange": false,
                        "legs": [
                            {
                                "duration": 1515,
                                "bags": {
                                    "unit": "kg",
                                    "value": 0,
                                    "ADT": {
                                        "cabin": {
                                            "desc": "7 kg"
                                        },
                                        "checked": {
                                            "desc": "0 kg"
                                        }
                                    },
                                    "CHD": {
                                        "cabin": {
                                            "desc": "7 kg"
                                        },
                                        "checked": {
                                            "desc": "0 kg"
                                        }
                                    },
                                    "INF": {
                                        "cabin": {
                                            "desc": "7 kg"
                                        },
                                        "checked": {
                                            "desc": "10 KG"
                                        }
                                    }
                                },
                                "segments": [
                                    {
                                        "cabin": "Y",
                                        "cabin_name": "Economy",
                                        "farebase": "LLN10H8R",
                                        "seats": 9,
                                        "class": "L",
                                        "from": {
                                            "date": "2026\/06\/26 16:10",
                                            "airport": "XNB",
                                            "city": "Dubai",
                                            "country": "United Arab Emirates",
                                            "country_iso": "AE",
                                            "terminal": " ",
                                            "airport_name": "Dubai Bus Station"
                                        },
                                        "to": {
                                            "date": "2026\/06\/26 18:10",
                                            "airport": "AUH",
                                            "city": "Abu Dhabi",
                                            "country": "United Arab Emirates",
                                            "country_iso": "AE",
                                            "terminal": "A",
                                            "airport_name": "Abu Dhabi International Airport"
                                        },
                                        "equipment": "BUS",
                                        "equipment_name": "BUS",
                                        "flightnumber": "5419",
                                        "operating": "",
                                        "iata": "EY",
                                        "airline_name": "Etihad Airways",
                                        "duration": 120
                                    },
                                    {
                                        "cabin": "Y",
                                        "cabin_name": "Economy",
                                        "farebase": "LLN10H8R",
                                        "seats": 9,
                                        "class": "L",
                                        "from": {
                                            "date": "2026\/06\/27 14:10",
                                            "airport": "AUH",
                                            "city": "Abu Dhabi",
                                            "country": "United Arab Emirates",
                                            "country_iso": "AE",
                                            "terminal": "A",
                                            "airport_name": "Abu Dhabi International Airport"
                                        },
                                        "to": {
                                            "date": "2026\/06\/27 18:25",
                                            "airport": "LHE",
                                            "city": "Lahore",
                                            "country": "Pakistan",
                                            "country_iso": "PK",
                                            "terminal": "M",
                                            "airport_name": "Alama Iqbal International Airport"
                                        },
                                        "equipment": "32A",
                                        "equipment_name": "32A",
                                        "flightnumber": "288",
                                        "operating": "",
                                        "iata": "EY",
                                        "airline_name": "Etihad Airways",
                                        "duration": 195
                                    }
                                ],
                                "from": {
                                    "date": "2026\/06\/26 16:10",
                                    "airport": "XNB",
                                    "city": "Dubai",
                                    "country": "United Arab Emirates",
                                    "country_iso": "AE",
                                    "terminal": " ",
                                    "airport_name": "Dubai Bus Station"
                                },
                                "to": {
                                    "date": "2026\/06\/27 18:25",
                                    "airport": "LHE",
                                    "city": "Lahore",
                                    "country": "Pakistan",
                                    "country_iso": "PK",
                                    "terminal": "M",
                                    "airport_name": "Alama Iqbal International Airport"
                                },
                                "cabin": "Y",
                                "seats": 9,
                                "iata": [
                                    "EY"
                                ],
                                "stops": [
                                    "AUH"
                                ],
                                "stop_over": [
                                    1200
                                ],
                                "cabin_name": "Economy"
                            }
                        ],
                        "id": "4f9755b698ebe5a2c77c06fefaa7e9f1",
                        "currency": "USD"
                    },
                    "currency": "USD",
                    "amount": 324.44999999999998863131622783839702606201171875,
                    "actual_amount": 315
                },
                "redirect_url": "",
                "refundable": 0,
                "supplier": "seeru",
                "type": "oneway",
                "layover": {
                    "city": "AUH",
                    "duration": "2 h 0 m"
                }
            }
        ],
        "returnSegments": [],
        "returnFlight": null,
        "isRoundTrip": false,
        "returnStops": 0,
        "returnDuration": "",
        "airlineName": "Etihad Airways",
        "display_currency": "USD",
        "booking_hash": "4e33fa48e957d49b"
    }
}
{
    "timestamp": "2026-06-10T16:29:13+02:00",
    "flightData": {
        "img": "EK",
        "flight_no": "600",
        "airline": "Emirates",
        "class": "economy",
        "baggage": "25  Kg ",
        "cabin_baggage": "7 kg",
        "departure_airport": "Dubai International Airport",
        "departure_time": "07:40 am",
        "departure_date": "26-06-2026",
        "departure_code": "DXB",
        "arrival_airport": "Alama Iqbal International Airport",
        "arrival_date": "26-06-2026",
        "arrival_time": "09:35 pm",
        "arrival_code": "LHE",
        "duration_time": "02:05",
        "total_duration": "12:55",
        "currency": "USD",
        "actual_price": "220.00",
        "price": "226.60",
        "adult_price": "226.60",
        "child_price": "0.00",
        "infant_price": "0.00",
        "actual_adult_price": "220.00",
        "actual_child_price": "0.00",
        "actual_infant_price": "0.00",
        "options": "packages data in array",
        "booking_data": {
            "flight": {
                "price": 220,
                "tax": 91.1700000000000017053025658242404460906982421875,
                "refundable_info": "NON-REFUNDABLE",
                "fare_key": null,
                "fare_brand": null,
                "price_breakdowns": {
                    "ADT": {
                        "total": 220,
                        "price": 128.82999999999998408384271897375583648681640625,
                        "label": "Adult",
                        "tax": 91.1700000000000017053025658242404460906982421875
                    }
                },
                "search_id": "OneWay|23|DXB|2026-06-26|EK|600|2026-06-26|KHI_KHI|2026-06-26|PK|306|2026-06-26|LHE",
                "trip_id": "DXB|2026-06-26|EK|07:40|10:45|2026-06-26|KHI|25 kg_KHI|2026-06-26|PK|19:50|21:35|2026-06-26|LHE|25 kg_LLEOPAE1:LLEOPAE1",
                "can_hold": true,
                "instant_issue": true,
                "from_cache": false,
                "src": "NT",
                "total_pax_no_inf": 1,
                "search_query": "{\"trips\":[{\"from\":\"DXB\",\"to\":\"LHE\",\"date\":\"2026\/06\/26\"}],\"adt\":1,\"chd\":0,\"inf\":0,\"options\":{\"direct\":false,\"cabin\":\"1\",\"multiCity\":false,\"cur\":\"USD\",\"lang\":\"en\",\"office\":\"PHPTRAVELS-TEST\",\"airline\":\"\"}}",
                "cache_time": 1781111994125,
                "search_time": 1781111989766,
                "result_time": 1781111994125,
                "can_void": false,
                "can_refund": false,
                "can_exchange": false,
                "legs": [
                    {
                        "duration": 775,
                        "bags": {
                            "unit": "kg",
                            "value": 25,
                            "ADT": {
                                "cabin": {
                                    "desc": "7 kg"
                                },
                                "checked": {
                                    "desc": "25  Kg"
                                }
                            },
                            "CHD": {
                                "cabin": {
                                    "desc": "7 kg"
                                },
                                "checked": {
                                    "desc": "1 pc x 25KG"
                                }
                            },
                            "INF": {
                                "cabin": {
                                    "desc": "7 kg"
                                },
                                "checked": {
                                    "desc": "10 KG"
                                }
                            }
                        },
                        "segments": [
                            {
                                "cabin": "Y",
                                "cabin_name": "Economy",
                                "farebase": "LLEOPAE1",
                                "seats": 9,
                                "class": "L",
                                "from": {
                                    "date": "2026\/06\/26 07:40",
                                    "airport": "DXB",
                                    "city": "Dubai",
                                    "country": "United Arab Emirates",
                                    "country_iso": "AE",
                                    "terminal": "3",
                                    "airport_name": "Dubai International Airport"
                                },
                                "to": {
                                    "date": "2026\/06\/26 10:45",
                                    "airport": "KHI",
                                    "city": "Karachi",
                                    "country": "Pakistan",
                                    "country_iso": "PK",
                                    "terminal": " ",
                                    "airport_name": "Jinnah International Airport"
                                },
                                "equipment": "77W",
                                "equipment_name": "77W",
                                "flightnumber": "600",
                                "operating": "",
                                "iata": "EK",
                                "airline_name": "Emirates",
                                "duration": 125
                            },
                            {
                                "cabin": "Y",
                                "cabin_name": "Economy",
                                "farebase": "LLEOPAE1",
                                "seats": 9,
                                "class": "I",
                                "from": {
                                    "date": "2026\/06\/26 19:50",
                                    "airport": "KHI",
                                    "city": "Karachi",
                                    "country": "Pakistan",
                                    "country_iso": "PK",
                                    "terminal": " ",
                                    "airport_name": "Jinnah International Airport"
                                },
                                "to": {
                                    "date": "2026\/06\/26 21:35",
                                    "airport": "LHE",
                                    "city": "Lahore",
                                    "country": "Pakistan",
                                    "country_iso": "PK",
                                    "terminal": " ",
                                    "airport_name": "Alama Iqbal International Airport"
                                },
                                "equipment": "320",
                                "equipment_name": "320",
                                "flightnumber": "306",
                                "operating": "",
                                "iata": "PK",
                                "airline_name": "Pakistan International Airlines",
                                "duration": 105
                            }
                        ],
                        "from": {
                            "date": "2026\/06\/26 07:40",
                            "airport": "DXB",
                            "city": "Dubai",
                            "country": "United Arab Emirates",
                            "country_iso": "AE",
                            "terminal": "3",
                            "airport_name": "Dubai International Airport"
                        },
                        "to": {
                            "date": "2026\/06\/26 21:35",
                            "airport": "LHE",
                            "city": "Lahore",
                            "country": "Pakistan",
                            "country_iso": "PK",
                            "terminal": " ",
                            "airport_name": "Alama Iqbal International Airport"
                        },
                        "cabin": "Y",
                        "seats": 9,
                        "iata": [
                            "EK",
                            "PK"
                        ],
                        "stops": [
                            "KHI"
                        ],
                        "stop_over": [
                            545
                        ],
                        "cabin_name": "Economy"
                    }
                ],
                "id": "6981635b3d2855001376c396ad094ff7",
                "currency": "USD"
            },
            "currency": "USD",
            "amount": 226.599999999999994315658113919198513031005859375,
            "actual_amount": 220
        },
        "redirect_url": "",
        "refundable": 0,
        "supplier": "seeru",
        "type": "oneway",
        "layover": {
            "city": "KHI",
            "duration": "3 h 5 m"
        },
        "stops": 1,
        "segments": [
            {
                "img": "EK",
                "flight_no": "600",
                "airline": "Emirates",
                "class": "economy",
                "baggage": "25  Kg ",
                "cabin_baggage": "7 kg",
                "departure_airport": "Dubai International Airport",
                "departure_time": "07:40 am",
                "departure_date": "26-06-2026",
                "departure_code": "DXB",
                "arrival_airport": "Jinnah International Airport",
                "arrival_date": "26-06-2026",
                "arrival_time": "10:45 am",
                "arrival_code": "KHI",
                "duration_time": "02:05",
                "total_duration": "12:55",
                "currency": "USD",
                "actual_price": "220.00",
                "price": "226.60",
                "adult_price": "226.60",
                "child_price": "0.00",
                "infant_price": "0.00",
                "actual_adult_price": "220.00",
                "actual_child_price": "0.00",
                "actual_infant_price": "0.00",
                "options": "packages data in array",
                "booking_data": {
                    "flight": {
                        "price": 220,
                        "tax": 91.1700000000000017053025658242404460906982421875,
                        "refundable_info": "NON-REFUNDABLE",
                        "fare_key": null,
                        "fare_brand": null,
                        "price_breakdowns": {
                            "ADT": {
                                "total": 220,
                                "price": 128.82999999999998408384271897375583648681640625,
                                "label": "Adult",
                                "tax": 91.1700000000000017053025658242404460906982421875
                            }
                        },
                        "search_id": "OneWay|23|DXB|2026-06-26|EK|600|2026-06-26|KHI_KHI|2026-06-26|PK|306|2026-06-26|LHE",
                        "trip_id": "DXB|2026-06-26|EK|07:40|10:45|2026-06-26|KHI|25 kg_KHI|2026-06-26|PK|19:50|21:35|2026-06-26|LHE|25 kg_LLEOPAE1:LLEOPAE1",
                        "can_hold": true,
                        "instant_issue": true,
                        "from_cache": false,
                        "src": "NT",
                        "total_pax_no_inf": 1,
                        "search_query": "{\"trips\":[{\"from\":\"DXB\",\"to\":\"LHE\",\"date\":\"2026\/06\/26\"}],\"adt\":1,\"chd\":0,\"inf\":0,\"options\":{\"direct\":false,\"cabin\":\"1\",\"multiCity\":false,\"cur\":\"USD\",\"lang\":\"en\",\"office\":\"PHPTRAVELS-TEST\",\"airline\":\"\"}}",
                        "cache_time": 1781111994125,
                        "search_time": 1781111989766,
                        "result_time": 1781111994125,
                        "can_void": false,
                        "can_refund": false,
                        "can_exchange": false,
                        "legs": [
                            {
                                "duration": 775,
                                "bags": {
                                    "unit": "kg",
                                    "value": 25,
                                    "ADT": {
                                        "cabin": {
                                            "desc": "7 kg"
                                        },
                                        "checked": {
                                            "desc": "25  Kg"
                                        }
                                    },
                                    "CHD": {
                                        "cabin": {
                                            "desc": "7 kg"
                                        },
                                        "checked": {
                                            "desc": "1 pc x 25KG"
                                        }
                                    },
                                    "INF": {
                                        "cabin": {
                                            "desc": "7 kg"
                                        },
                                        "checked": {
                                            "desc": "10 KG"
                                        }
                                    }
                                },
                                "segments": [
                                    {
                                        "cabin": "Y",
                                        "cabin_name": "Economy",
                                        "farebase": "LLEOPAE1",
                                        "seats": 9,
                                        "class": "L",
                                        "from": {
                                            "date": "2026\/06\/26 07:40",
                                            "airport": "DXB",
                                            "city": "Dubai",
                                            "country": "United Arab Emirates",
                                            "country_iso": "AE",
                                            "terminal": "3",
                                            "airport_name": "Dubai International Airport"
                                        },
                                        "to": {
                                            "date": "2026\/06\/26 10:45",
                                            "airport": "KHI",
                                            "city": "Karachi",
                                            "country": "Pakistan",
                                            "country_iso": "PK",
                                            "terminal": " ",
                                            "airport_name": "Jinnah International Airport"
                                        },
                                        "equipment": "77W",
                                        "equipment_name": "77W",
                                        "flightnumber": "600",
                                        "operating": "",
                                        "iata": "EK",
                                        "airline_name": "Emirates",
                                        "duration": 125
                                    },
                                    {
                                        "cabin": "Y",
                                        "cabin_name": "Economy",
                                        "farebase": "LLEOPAE1",
                                        "seats": 9,
                                        "class": "I",
                                        "from": {
                                            "date": "2026\/06\/26 19:50",
                                            "airport": "KHI",
                                            "city": "Karachi",
                                            "country": "Pakistan",
                                            "country_iso": "PK",
                                            "terminal": " ",
                                            "airport_name": "Jinnah International Airport"
                                        },
                                        "to": {
                                            "date": "2026\/06\/26 21:35",
                                            "airport": "LHE",
                                            "city": "Lahore",
                                            "country": "Pakistan",
                                            "country_iso": "PK",
                                            "terminal": " ",
                                            "airport_name": "Alama Iqbal International Airport"
                                        },
                                        "equipment": "320",
                                        "equipment_name": "320",
                                        "flightnumber": "306",
                                        "operating": "",
                                        "iata": "PK",
                                        "airline_name": "Pakistan International Airlines",
                                        "duration": 105
                                    }
                                ],
                                "from": {
                                    "date": "2026\/06\/26 07:40",
                                    "airport": "DXB",
                                    "city": "Dubai",
                                    "country": "United Arab Emirates",
                                    "country_iso": "AE",
                                    "terminal": "3",
                                    "airport_name": "Dubai International Airport"
                                },
                                "to": {
                                    "date": "2026\/06\/26 21:35",
                                    "airport": "LHE",
                                    "city": "Lahore",
                                    "country": "Pakistan",
                                    "country_iso": "PK",
                                    "terminal": " ",
                                    "airport_name": "Alama Iqbal International Airport"
                                },
                                "cabin": "Y",
                                "seats": 9,
                                "iata": [
                                    "EK",
                                    "PK"
                                ],
                                "stops": [
                                    "KHI"
                                ],
                                "stop_over": [
                                    545
                                ],
                                "cabin_name": "Economy"
                            }
                        ],
                        "id": "6981635b3d2855001376c396ad094ff7",
                        "currency": "USD"
                    },
                    "currency": "USD",
                    "amount": 226.599999999999994315658113919198513031005859375,
                    "actual_amount": 220
                },
                "redirect_url": "",
                "refundable": 0,
                "supplier": "seeru",
                "type": "oneway",
                "layover": {
                    "city": "KHI",
                    "duration": "3 h 5 m"
                }
            },
            {
                "img": "PK",
                "flight_no": "306",
                "airline": "AST Pakistan Airways",
                "class": "economy",
                "baggage": "25  Kg ",
                "cabin_baggage": "7 kg",
                "departure_airport": "Jinnah International Airport",
                "departure_time": "07:50 pm",
                "departure_date": "26-06-2026",
                "departure_code": "KHI",
                "arrival_airport": "Alama Iqbal International Airport",
                "arrival_date": "26-06-2026",
                "arrival_time": "09:35 pm",
                "arrival_code": "LHE",
                "duration_time": "01:45",
                "total_duration": "12:55",
                "currency": "USD",
                "actual_price": "220.00",
                "price": "226.60",
                "adult_price": "226.60",
                "child_price": "0.00",
                "infant_price": "0.00",
                "actual_adult_price": "220.00",
                "actual_child_price": "0.00",
                "actual_infant_price": "0.00",
                "options": "packages data in array",
                "booking_data": {
                    "flight": {
                        "price": 220,
                        "tax": 91.1700000000000017053025658242404460906982421875,
                        "refundable_info": "NON-REFUNDABLE",
                        "fare_key": null,
                        "fare_brand": null,
                        "price_breakdowns": {
                            "ADT": {
                                "total": 220,
                                "price": 128.82999999999998408384271897375583648681640625,
                                "label": "Adult",
                                "tax": 91.1700000000000017053025658242404460906982421875
                            }
                        },
                        "search_id": "OneWay|23|DXB|2026-06-26|EK|600|2026-06-26|KHI_KHI|2026-06-26|PK|306|2026-06-26|LHE",
                        "trip_id": "DXB|2026-06-26|EK|07:40|10:45|2026-06-26|KHI|25 kg_KHI|2026-06-26|PK|19:50|21:35|2026-06-26|LHE|25 kg_LLEOPAE1:LLEOPAE1",
                        "can_hold": true,
                        "instant_issue": true,
                        "from_cache": false,
                        "src": "NT",
                        "total_pax_no_inf": 1,
                        "search_query": "{\"trips\":[{\"from\":\"DXB\",\"to\":\"LHE\",\"date\":\"2026\/06\/26\"}],\"adt\":1,\"chd\":0,\"inf\":0,\"options\":{\"direct\":false,\"cabin\":\"1\",\"multiCity\":false,\"cur\":\"USD\",\"lang\":\"en\",\"office\":\"PHPTRAVELS-TEST\",\"airline\":\"\"}}",
                        "cache_time": 1781111994125,
                        "search_time": 1781111989766,
                        "result_time": 1781111994125,
                        "can_void": false,
                        "can_refund": false,
                        "can_exchange": false,
                        "legs": [
                            {
                                "duration": 775,
                                "bags": {
                                    "unit": "kg",
                                    "value": 25,
                                    "ADT": {
                                        "cabin": {
                                            "desc": "7 kg"
                                        },
                                        "checked": {
                                            "desc": "25  Kg"
                                        }
                                    },
                                    "CHD": {
                                        "cabin": {
                                            "desc": "7 kg"
                                        },
                                        "checked": {
                                            "desc": "1 pc x 25KG"
                                        }
                                    },
                                    "INF": {
                                        "cabin": {
                                            "desc": "7 kg"
                                        },
                                        "checked": {
                                            "desc": "10 KG"
                                        }
                                    }
                                },
                                "segments": [
                                    {
                                        "cabin": "Y",
                                        "cabin_name": "Economy",
                                        "farebase": "LLEOPAE1",
                                        "seats": 9,
                                        "class": "L",
                                        "from": {
                                            "date": "2026\/06\/26 07:40",
                                            "airport": "DXB",
                                            "city": "Dubai",
                                            "country": "United Arab Emirates",
                                            "country_iso": "AE",
                                            "terminal": "3",
                                            "airport_name": "Dubai International Airport"
                                        },
                                        "to": {
                                            "date": "2026\/06\/26 10:45",
                                            "airport": "KHI",
                                            "city": "Karachi",
                                            "country": "Pakistan",
                                            "country_iso": "PK",
                                            "terminal": " ",
                                            "airport_name": "Jinnah International Airport"
                                        },
                                        "equipment": "77W",
                                        "equipment_name": "77W",
                                        "flightnumber": "600",
                                        "operating": "",
                                        "iata": "EK",
                                        "airline_name": "Emirates",
                                        "duration": 125
                                    },
                                    {
                                        "cabin": "Y",
                                        "cabin_name": "Economy",
                                        "farebase": "LLEOPAE1",
                                        "seats": 9,
                                        "class": "I",
                                        "from": {
                                            "date": "2026\/06\/26 19:50",
                                            "airport": "KHI",
                                            "city": "Karachi",
                                            "country": "Pakistan",
                                            "country_iso": "PK",
                                            "terminal": " ",
                                            "airport_name": "Jinnah International Airport"
                                        },
                                        "to": {
                                            "date": "2026\/06\/26 21:35",
                                            "airport": "LHE",
                                            "city": "Lahore",
                                            "country": "Pakistan",
                                            "country_iso": "PK",
                                            "terminal": " ",
                                            "airport_name": "Alama Iqbal International Airport"
                                        },
                                        "equipment": "320",
                                        "equipment_name": "320",
                                        "flightnumber": "306",
                                        "operating": "",
                                        "iata": "PK",
                                        "airline_name": "Pakistan International Airlines",
                                        "duration": 105
                                    }
                                ],
                                "from": {
                                    "date": "2026\/06\/26 07:40",
                                    "airport": "DXB",
                                    "city": "Dubai",
                                    "country": "United Arab Emirates",
                                    "country_iso": "AE",
                                    "terminal": "3",
                                    "airport_name": "Dubai International Airport"
                                },
                                "to": {
                                    "date": "2026\/06\/26 21:35",
                                    "airport": "LHE",
                                    "city": "Lahore",
                                    "country": "Pakistan",
                                    "country_iso": "PK",
                                    "terminal": " ",
                                    "airport_name": "Alama Iqbal International Airport"
                                },
                                "cabin": "Y",
                                "seats": 9,
                                "iata": [
                                    "EK",
                                    "PK"
                                ],
                                "stops": [
                                    "KHI"
                                ],
                                "stop_over": [
                                    545
                                ],
                                "cabin_name": "Economy"
                            }
                        ],
                        "id": "6981635b3d2855001376c396ad094ff7",
                        "currency": "USD"
                    },
                    "currency": "USD",
                    "amount": 226.599999999999994315658113919198513031005859375,
                    "actual_amount": 220
                },
                "redirect_url": "",
                "refundable": 0,
                "supplier": "seeru",
                "type": "oneway",
                "layover": {
                    "city": "KHI",
                    "duration": "3 h 5 m"
                }
            }
        ],
        "returnSegments": [],
        "returnFlight": null,
        "isRoundTrip": false,
        "returnStops": 0,
        "returnDuration": "",
        "airlineName": "Emirates",
        "display_currency": "USD",
        "booking_hash": "5adaa906536317f5"
    }
}
